frame,curVScroll,curHScroll,curPpuCtrl,switchNTReq,gameMode,isSprite0Active,demoPhase,demoSubphase,demoLineTextIndex,demoNTWraps,lineCounter,lineAttrIndex,lineDstLo,lineDstHi,attrDstLo,attrDstHi,phase0Cycle,phase0Timer,transferBufSel,demoBusy
850,00,00,B0,00,00,00,00,01,00,00,00,00,00,00,00,00,0D,7D,00,01
851,00,00,B0,00,00,00,00,01,00,00,00,00,00,00,00,00,0D,7C,00,01
852,00,00,B0,00,00,00,00,01,00,00,00,00,00,00,00,00,0D,7B,00,01
853,00,00,B0,00,00,00,00,01,00,00,00,00,00,00,00,00,0D,7A,00,01
854,00,00,B0,00,00,00,00,01,00,00,00,00,00,00,00,00,0D,79,00,01
855,00,00,B0,00,00,00,00,01,00,00,00,00,00,00,00,00,0D,78,00,01
856,00,00,B0,00,00,00,00,01,00,00,00,00,00,00,00,00,0D,77,00,01
857,00,00,B0,00,00,00,00,01,00,00,00,00,00,00,00,00,0D,76,00,01
858,00,00,B0,00,00,00,00,01,00,00,00,00,00,00,00,00,0D,75,00,01
859,00,00,B0,00,00,00,00,01,00,00,00,00,00,00,00,00,0D,74,00,01
860,00,00,B0,00,00,00,00,01,00,00,00,00,00,00,00,00,0D,73,00,01
861,00,00,B0,00,00,00,00,01,00,00,00,00,00,00,00,00,0D,72,00,01
862,00,00,B0,00,00,00,00,01,00,00,00,00,00,00,00,00,0D,71,00,01
863,00,00,B0,00,00,00,00,01,00,00,00,00,00,00,00,00,0D,70,00,01
864,00,00,B0,00,00,00,00,01,00,00,00,00,00,00,00,00,0D,6F,00,01
865,00,00,B0,00,00,00,00,01,00,00,00,00,00,00,00,00,0D,6E,00,01
866,00,00,B0,00,00,00,00,01,00,00,00,00,00,00,00,00,0D,6D,00,01
867,00,00,B0,00,00,00,00,01,00,00,00,00,00,00,00,00,0D,6C,00,01
868,00,00,B0,00,00,00,00,01,00,00,00,00,00,00,00,00,0D,6B,00,01
869,00,00,B0,00,00,00,00,01,00,00,00,00,00,00,00,00,0D,6A,00,01
870,00,00,B0,00,00,00,00,01,00,00,00,00,00,00,00,00,0D,69,00,01
871,00,00,B0,00,00,00,00,01,00,00,00,00,00,00,00,00,0D,68,00,01
872,00,00,B0,00,00,00,00,01,00,00,00,00,00,00,00,00,0D,67,00,01
873,00,00,B0,00,00,00,00,01,00,00,00,00,00,00,00,00,0D,66,00,01
874,00,00,B0,00,00,00,00,01,00,00,00,00,00,00,00,00,0D,65,00,01
875,00,00,B0,00,00,00,00,01,00,00,00,00,00,00,00,00,0D,64,00,01
876,00,00,B0,00,00,00,00,01,00,00,00,00,00,00,00,00,0D,63,00,01
877,00,00,B0,00,00,00,00,01,00,00,00,00,00,00,00,00,0D,62,00,01
878,00,00,B0,00,00,00,00,01,00,00,00,00,00,00,00,00,0D,61,00,01
879,00,00,B0,00,00,00,00,01,00,00,00,00,00,00,00,00,0D,60,00,01
880,00,00,B0,00,00,00,00,01,00,00,00,00,00,00,00,00,0D,5F,00,01
881,00,00,B0,00,00,00,00,01,00,00,00,00,00,00,00,00,0D,5E,00,01
882,00,00,B0,00,00,00,00,01,00,00,00,00,00,00,00,00,0D,5D,00,01
883,00,00,B0,00,00,00,00,01,00,00,00,00,00,00,00,00,0D,5C,00,01
884,00,00,B0,00,00,00,00,01,00,00,00,00,00,00,00,00,0D,5B,00,01
885,00,00,B0,00,00,00,00,01,00,00,00,00,00,00,00,00,0D,5A,00,01
886,00,00,B0,00,00,00,00,01,00,00,00,00,00,00,00,00,0D,59,00,01
887,00,00,B0,00,00,00,00,01,00,00,00,00,00,00,00,00,0D,58,00,01
888,00,00,B0,00,00,00,00,01,00,00,00,00,00,00,00,00,0D,57,00,01
889,00,00,B0,00,00,00,00,01,00,00,00,00,00,00,00,00,0D,56,00,01
890,00,00,B0,00,00,00,00,01,00,00,00,00,00,00,00,00,0D,55,00,01
891,00,00,B0,00,00,00,00,01,00,00,00,00,00,00,00,00,0D,54,00,01
892,00,00,B0,00,00,00,00,01,00,00,00,00,00,00,00,00,0D,53,00,01
893,00,00,B0,00,00,00,00,01,00,00,00,00,00,00,00,00,0D,52,00,01
894,00,00,B0,00,00,00,00,01,00,00,00,00,00,00,00,00,0D,51,00,01
895,00,00,B0,00,00,00,00,01,00,00,00,00,00,00,00,00,0D,50,00,01
896,00,00,B0,00,00,00,00,01,00,00,00,00,00,00,00,00,0D,4F,00,01
897,00,00,B0,00,00,00,00,01,00,00,00,00,00,00,00,00,0D,4E,00,01
898,00,00,B0,00,00,00,00,01,00,00,00,00,00,00,00,00,0D,4D,00,01
899,00,00,B0,00,00,00,00,01,00,00,00,00,00,00,00,00,0D,4C,00,01
900,00,00,B0,00,00,00,00,01,00,00,00,00,00,00,00,00,0D,4B,00,01
901,00,00,B0,00,00,00,00,01,00,00,00,00,00,00,00,00,0D,4A,00,01
902,00,00,B0,00,00,00,00,01,00,00,00,00,00,00,00,00,0D,49,00,01
903,00,00,B0,00,00,00,00,01,00,00,00,00,00,00,00,00,0D,48,00,01
904,00,00,B0,00,00,00,00,01,00,00,00,00,00,00,00,00,0D,47,00,01
905,00,00,B0,00,00,00,00,01,00,00,00,00,00,00,00,00,0D,46,00,01
906,00,00,B0,00,00,00,00,01,00,00,00,00,00,00,00,00,0D,45,00,01
907,00,00,B0,00,00,00,00,01,00,00,00,00,00,00,00,00,0D,44,00,01
908,00,00,B0,00,00,00,00,01,00,00,00,00,00,00,00,00,0D,43,00,01
909,00,00,B0,00,00,00,00,01,00,00,00,00,00,00,00,00,0D,42,00,01
910,00,00,B0,00,00,00,00,01,00,00,00,00,00,00,00,00,0D,41,00,01
911,00,00,B0,00,00,00,00,01,00,00,00,00,00,00,00,00,0D,40,00,01
912,00,00,B0,00,00,00,00,01,00,00,00,00,00,00,00,00,0D,3F,00,01
913,00,00,B0,00,00,00,00,01,00,00,00,00,00,00,00,00,0D,3E,00,01
914,00,00,B0,00,00,00,00,01,00,00,00,00,00,00,00,00,0D,3D,00,01
915,00,00,B0,00,00,00,00,01,00,00,00,00,00,00,00,00,0D,3C,00,01
916,00,00,B0,00,00,00,00,01,00,00,00,00,00,00,00,00,0D,3B,00,01
917,00,00,B0,00,00,00,00,01,00,00,00,00,00,00,00,00,0D,3A,00,01
918,00,00,B0,00,00,00,00,01,00,00,00,00,00,00,00,00,0D,39,00,01
919,00,00,B0,00,00,00,00,01,00,00,00,00,00,00,00,00,0D,38,00,01
920,00,00,B0,00,00,00,00,01,00,00,00,00,00,00,00,00,0D,37,00,01
921,00,00,B0,00,00,00,00,01,00,00,00,00,00,00,00,00,0D,36,00,01
922,00,00,B0,00,00,00,00,01,00,00,00,00,00,00,00,00,0D,35,00,01
923,00,00,B0,00,00,00,00,01,00,00,00,00,00,00,00,00,0D,34,00,01
924,00,00,B0,00,00,00,00,01,00,00,00,00,00,00,00,00,0D,33,00,01
925,00,00,B0,00,00,00,00,01,00,00,00,00,00,00,00,00,0D,32,00,01
926,00,00,B0,00,00,00,00,01,00,00,00,00,00,00,00,00,0D,31,00,01
927,00,00,B0,00,00,00,00,01,00,00,00,00,00,00,00,00,0D,30,00,01
928,00,00,B0,00,00,00,00,01,00,00,00,00,00,00,00,00,0D,2F,00,01
929,00,00,B0,00,00,00,00,01,00,00,00,00,00,00,00,00,0D,2E,00,01
930,00,00,B0,00,00,00,00,01,00,00,00,00,00,00,00,00,0D,2D,00,01
931,00,00,B0,00,00,00,00,01,00,00,00,00,00,00,00,00,0D,2C,00,01
932,00,00,B0,00,00,00,00,01,00,00,00,00,00,00,00,00,0D,2B,00,01
933,00,00,B0,00,00,00,00,01,00,00,00,00,00,00,00,00,0D,2A,00,01
934,00,00,B0,00,00,00,00,01,00,00,00,00,00,00,00,00,0D,29,00,01
935,00,00,B0,00,00,00,00,01,00,00,00,00,00,00,00,00,0D,28,00,01
936,00,00,B0,00,00,00,00,01,00,00,00,00,00,00,00,00,0D,27,00,01
937,00,00,B0,00,00,00,00,01,00,00,00,00,00,00,00,00,0D,26,00,01
938,00,00,B0,00,00,00,00,01,00,00,00,00,00,00,00,00,0D,25,00,01
939,00,00,B0,00,00,00,00,01,00,00,00,00,00,00,00,00,0D,24,00,01
940,00,00,B0,00,00,00,00,01,00,00,00,00,00,00,00,00,0D,23,00,01
941,00,00,B0,00,00,00,00,01,00,00,00,00,00,00,00,00,0D,22,00,01
942,00,00,B0,00,00,00,00,01,00,00,00,00,00,00,00,00,0D,21,00,01
943,00,00,B0,00,00,00,00,01,00,00,00,00,00,00,00,00,0D,20,00,01
944,00,00,B0,00,00,00,00,01,00,00,00,00,00,00,00,00,0D,1F,00,01
945,00,00,B0,00,00,00,00,01,00,00,00,00,00,00,00,00,0D,1E,00,01
946,00,00,B0,00,00,00,00,01,00,00,00,00,00,00,00,00,0D,1D,00,01
947,00,00,B0,00,00,00,00,01,00,00,00,00,00,00,00,00,0D,1C,00,01
948,00,00,B0,00,00,00,00,01,00,00,00,00,00,00,00,00,0D,1B,00,01
949,00,00,B0,00,00,00,00,01,00,00,00,00,00,00,00,00,0D,1A,00,01
950,00,00,B0,00,00,00,00,01,00,00,00,00,00,00,00,00,0D,19,00,01
951,00,00,B0,00,00,00,00,01,00,00,00,00,00,00,00,00,0D,18,00,01
952,00,00,B0,00,00,00,00,01,00,00,00,00,00,00,00,00,0D,17,00,01
953,00,00,B0,00,00,00,00,01,00,00,00,00,00,00,00,00,0D,16,00,01
954,00,00,B0,00,00,00,00,01,00,00,00,00,00,00,00,00,0D,15,00,01
955,00,00,B0,00,00,00,00,01,00,00,00,00,00,00,00,00,0D,14,00,01
956,00,00,B0,00,00,00,00,01,00,00,00,00,00,00,00,00,0D,13,00,01
957,00,00,B0,00,00,00,00,01,00,00,00,00,00,00,00,00,0D,12,00,01
958,00,00,B0,00,00,00,00,01,00,00,00,00,00,00,00,00,0D,11,00,01
959,00,00,B0,00,00,00,00,01,00,00,00,00,00,00,00,00,0D,10,00,01
960,00,00,B0,00,00,00,00,01,00,00,00,00,00,00,00,00,0D,0F,00,01
961,00,00,B0,00,00,00,00,01,00,00,00,00,00,00,00,00,0D,0E,00,01
962,00,00,B0,00,00,00,00,01,00,00,00,00,00,00,00,00,0D,0D,00,01
963,00,00,B0,00,00,00,00,01,00,00,00,00,00,00,00,00,0D,0C,00,01
964,00,00,B0,00,00,00,00,01,00,00,00,00,00,00,00,00,0D,0B,00,01
965,00,00,B0,00,00,00,00,01,00,00,00,00,00,00,00,00,0D,0A,00,01
966,00,00,B0,00,00,00,00,01,00,00,00,00,00,00,00,00,0D,09,00,01
967,00,00,B0,00,00,00,00,01,00,00,00,00,00,00,00,00,0D,08,00,01
968,00,00,B0,00,00,00,00,01,00,00,00,00,00,00,00,00,0D,07,00,01
969,00,00,B0,00,00,00,00,01,00,00,00,00,00,00,00,00,0D,06,00,01
970,00,00,B0,00,00,00,00,01,00,00,00,00,00,00,00,00,0D,05,00,01
971,00,00,B0,00,00,00,00,01,00,00,00,00,00,00,00,00,0D,04,00,01
972,00,00,B0,00,00,00,00,01,00,00,00,00,00,00,00,00,0D,03,00,01
973,00,00,B0,00,00,00,00,01,00,00,00,00,00,00,00,00,0D,02,00,01
974,00,00,B0,00,00,00,00,01,00,00,00,00,00,00,00,00,0D,01,00,01
975,00,00,B0,00,00,00,00,01,00,00,00,00,00,00,00,00,0D,00,00,01
976,00,00,B0,00,00,00,01,00,00,00,00,00,00,00,00,00,0E,02,00,00
977,00,00,B0,00,00,00,01,01,00,00,00,00,00,00,00,00,0E,02,00,00
978,00,00,B0,00,00,00,01,02,00,00,00,00,00,00,00,00,00,00,00,00
979,10,00,B0,01,00,00,01,00,00,00,00,00,00,00,00,00,00,00,02,01
980,10,00,B2,00,00,00,01,00,00,00,00,00,00,00,00,00,00,00,00,01
981,11,00,B2,00,00,00,01,00,00,00,00,00,00,00,00,00,00,00,00,01
982,11,00,B2,00,00,00,01,00,00,00,00,00,00,00,00,00,00,00,00,01
983,12,00,B2,00,00,00,01,00,00,00,00,00,00,00,00,00,00,00,00,01
984,12,00,B2,00,00,00,01,00,00,00,00,00,00,00,00,00,00,00,00,01
985,13,00,B2,00,00,00,01,00,00,00,00,00,00,00,00,00,00,00,00,01
986,13,00,B2,00,00,00,01,00,00,00,00,00,00,00,00,00,00,00,00,01
987,14,00,B2,00,00,00,01,00,00,00,00,00,00,00,00,00,00,00,00,01
988,14,00,B2,00,00,00,01,00,00,00,00,00,00,00,00,00,00,00,00,01
989,15,00,B2,00,00,00,01,00,00,00,00,00,00,00,00,00,00,00,00,01
990,15,00,B2,00,00,00,01,00,00,00,00,00,00,00,00,00,00,00,00,01
991,16,00,B2,00,00,00,01,00,00,00,00,00,00,00,00,00,00,00,00,01
992,16,00,B2,00,00,00,01,00,00,00,00,00,00,00,00,00,00,00,00,01
993,17,00,B2,00,00,00,01,00,00,00,00,00,00,00,00,00,00,00,00,01
994,17,00,B2,00,00,00,01,00,00,00,00,00,00,00,00,00,00,00,00,01
995,18,00,B2,00,00,00,01,00,00,00,00,00,00,00,00,00,00,00,00,01
996,18,00,B2,00,00,00,01,00,00,00,00,00,00,00,00,00,00,00,00,01
997,19,00,B2,00,00,00,01,00,00,00,00,00,00,00,00,00,00,00,00,01
998,19,00,B2,00,00,00,01,00,00,00,00,00,00,00,00,00,00,00,00,01
999,1A,00,B2,00,00,00,01,00,00,00,00,00,00,00,00,00,00,00,00,01
1000,1A,00,B2,00,00,00,01,00,00,00,00,00,00,00,00,00,00,00,00,01
1001,1B,00,B2,00,00,00,01,00,00,00,00,00,00,00,00,00,00,00,00,01
1002,1B,00,B2,00,00,00,01,00,00,00,00,00,00,00,00,00,00,00,00,01
1003,1C,00,B2,00,00,00,01,00,00,00,00,00,00,00,00,00,00,00,00,01
1004,1C,00,B2,00,00,00,01,00,00,00,00,00,00,00,00,00,00,00,00,01
1005,1D,00,B2,00,00,00,01,00,00,00,00,00,00,00,00,00,00,00,00,01
1006,1D,00,B2,00,00,00,01,00,00,00,00,00,00,00,00,00,00,00,00,01
1007,1E,00,B2,00,00,00,01,00,00,00,00,00,00,00,00,00,00,00,00,01
1008,1E,00,B2,00,00,00,01,00,00,00,00,00,00,00,00,00,00,00,00,01
1009,1F,00,B2,00,00,00,01,00,00,00,00,00,00,00,00,00,00,00,00,01
1010,1F,00,B2,00,00,00,01,00,00,00,00,00,00,00,00,00,00,00,00,01
1011,20,00,B2,00,00,00,01,00,00,00,00,00,00,00,00,00,00,00,00,01
1012,20,00,B2,00,00,00,01,00,00,00,00,00,00,00,00,00,00,00,00,01
1013,21,00,B2,00,00,00,01,00,00,00,00,00,00,00,00,00,00,00,00,01
1014,21,00,B2,00,00,00,01,00,00,00,00,00,00,00,00,00,00,00,00,01
1015,22,00,B2,00,00,00,01,00,00,00,00,00,00,00,00,00,00,00,00,01
1016,22,00,B2,00,00,00,01,00,00,00,00,00,00,00,00,00,00,00,00,01
1017,23,00,B2,00,00,00,01,00,00,00,00,00,00,00,00,00,00,00,00,01
1018,23,00,B2,00,00,00,01,00,00,00,00,00,00,00,00,00,00,00,00,01
1019,24,00,B2,00,00,00,01,00,00,00,00,00,00,00,00,00,00,00,00,01
1020,24,00,B2,00,00,00,01,00,00,00,00,00,00,00,00,00,00,00,00,01
1021,25,00,B2,00,00,00,01,00,00,00,00,00,00,00,00,00,00,00,00,01
1022,25,00,B2,00,00,00,01,00,00,00,00,00,00,00,00,00,00,00,00,01
1023,26,00,B2,00,00,00,01,00,00,00,00,00,00,00,00,00,00,00,00,01
1024,26,00,B2,00,00,00,01,00,00,00,00,00,00,00,00,00,00,00,00,01
1025,27,00,B2,00,00,00,01,00,00,00,00,00,00,00,00,00,00,00,00,01
1026,27,00,B2,00,00,00,01,00,00,00,00,00,00,00,00,00,00,00,00,01
1027,28,00,B2,00,00,00,01,00,00,00,00,00,00,00,00,00,00,00,00,01
1028,28,00,B2,00,00,00,01,00,00,00,00,00,00,00,00,00,00,00,00,01
1029,29,00,B2,00,00,00,01,00,00,00,00,00,00,00,00,00,00,00,00,01
1030,29,00,B2,00,00,00,01,00,00,00,00,00,00,00,00,00,00,00,00,01
1031,2A,00,B2,00,00,00,01,00,00,00,00,00,00,00,00,00,00,00,00,01
1032,2A,00,B2,00,00,00,01,00,00,00,00,00,00,00,00,00,00,00,00,01
1033,2B,00,B2,00,00,00,01,00,00,00,00,00,00,00,00,00,00,00,00,01
1034,2B,00,B2,00,00,00,01,00,00,00,00,00,00,00,00,00,00,00,00,01
1035,2C,00,B2,00,00,00,01,00,00,00,00,00,00,00,00,00,00,00,00,01
1036,2C,00,B2,00,00,00,01,00,00,00,00,00,00,00,00,00,00,00,00,01
1037,2D,00,B2,00,00,00,01,00,00,00,00,00,00,00,00,00,00,00,00,01
1038,2D,00,B2,00,00,00,01,00,00,00,00,00,00,00,00,00,00,00,00,01
1039,2E,00,B2,00,00,00,01,00,00,00,00,00,00,00,00,00,00,00,00,01
1040,2E,00,B2,00,00,00,01,00,00,00,00,00,00,00,00,00,00,00,00,01
1041,2F,00,B2,00,00,00,01,00,00,00,00,00,00,00,00,00,00,00,00,01
1042,2F,00,B2,00,00,00,01,00,00,00,00,00,00,00,00,00,00,00,00,01
1043,30,00,B2,00,00,00,01,00,00,00,00,00,00,00,00,00,00,00,00,01
1044,30,00,B2,00,00,00,01,00,00,00,00,00,00,00,00,00,00,00,00,01
1045,31,00,B2,00,00,00,01,00,00,00,00,00,00,00,00,00,00,00,00,01
1046,31,00,B2,00,00,00,01,00,00,00,00,00,00,00,00,00,00,00,00,01
1047,32,00,B2,00,00,00,01,00,00,00,00,00,00,00,00,00,00,00,00,01
1048,32,00,B2,00,00,00,01,00,00,00,00,00,00,00,00,00,00,00,00,01
1049,33,00,B2,00,00,00,01,00,00,00,00,00,00,00,00,00,00,00,00,01
1050,33,00,B2,00,00,00,01,00,00,00,00,00,00,00,00,00,00,00,00,01
1051,34,00,B2,00,00,00,01,00,00,00,00,00,00,00,00,00,00,00,00,01
1052,34,00,B2,00,00,00,01,00,00,00,00,00,00,00,00,00,00,00,00,01
1053,35,00,B2,00,00,00,01,00,00,00,00,00,00,00,00,00,00,00,00,01
1054,35,00,B2,00,00,00,01,00,00,00,00,00,00,00,00,00,00,00,00,01
1055,36,00,B2,00,00,00,01,00,00,00,00,00,00,00,00,00,00,00,00,01
1056,36,00,B2,00,00,00,01,00,00,00,00,00,00,00,00,00,00,00,00,01
1057,37,00,B2,00,00,00,01,00,00,00,00,00,00,00,00,00,00,00,00,01
1058,37,00,B2,00,00,00,01,00,00,00,00,00,00,00,00,00,00,00,00,01
1059,38,00,B2,00,00,00,01,00,00,00,00,00,00,00,00,00,00,00,00,01
1060,38,00,B2,00,00,00,01,00,00,00,00,00,00,00,00,00,00,00,00,01
1061,39,00,B2,00,00,00,01,00,00,00,00,00,00,00,00,00,00,00,00,01
1062,39,00,B2,00,00,00,01,00,00,00,00,00,00,00,00,00,00,00,00,01
1063,3A,00,B2,00,00,00,01,00,00,00,00,00,00,00,00,00,00,00,00,01
1064,3A,00,B2,00,00,00,01,00,00,00,00,00,00,00,00,00,00,00,00,01
1065,3B,00,B2,00,00,00,01,00,00,00,00,00,00,00,00,00,00,00,00,01
1066,3B,00,B2,00,00,00,01,00,00,00,00,00,00,00,00,00,00,00,00,01
1067,3C,00,B2,00,00,00,01,00,00,00,00,00,00,00,00,00,00,00,00,01
1068,3C,00,B2,00,00,00,01,00,00,00,00,00,00,00,00,00,00,00,00,01
1069,3D,00,B2,00,00,00,01,00,00,00,00,00,00,00,00,00,00,00,00,01
1070,3D,00,B2,00,00,00,01,00,00,00,00,00,00,00,00,00,00,00,00,01
1071,3E,00,B2,00,00,00,01,00,00,00,00,00,00,00,00,00,00,00,00,01
1072,3E,00,B2,00,00,00,01,00,00,00,00,00,00,00,00,00,00,00,00,01
1073,3F,00,B2,00,00,00,01,00,00,00,00,00,00,00,00,00,00,00,00,01
1074,3F,00,B2,00,00,00,01,00,00,00,00,00,00,00,00,00,00,00,00,01
1075,40,00,B2,00,00,00,01,00,00,00,00,00,00,00,00,00,00,00,00,01
1076,40,00,B2,00,00,00,01,00,00,00,00,00,00,00,00,00,00,00,00,01
1077,41,00,B2,00,00,00,01,00,00,00,00,00,00,00,00,00,00,00,00,01
1078,41,00,B2,00,00,00,01,00,00,00,00,00,00,00,00,00,00,00,00,01
1079,42,00,B2,00,00,00,01,00,00,00,00,00,00,00,00,00,00,00,00,01
1080,42,00,B2,00,00,00,01,00,00,00,00,00,00,00,00,00,00,00,00,01
1081,43,00,B2,00,00,00,01,00,00,00,00,00,00,00,00,00,00,00,00,01
1082,43,00,B2,00,00,00,01,00,00,00,00,00,00,00,00,00,00,00,00,01
1083,44,00,B2,00,00,00,01,00,00,00,00,00,00,00,00,00,00,00,00,01
1084,44,00,B2,00,00,00,01,00,00,00,00,00,00,00,00,00,00,00,00,01
1085,45,00,B2,00,00,00,01,00,00,00,00,00,00,00,00,00,00,00,00,01
1086,45,00,B2,00,00,00,01,00,00,00,00,00,00,00,00,00,00,00,00,01
1087,46,00,B2,00,00,00,01,00,00,00,00,00,00,00,00,00,00,00,00,01
1088,46,00,B2,00,00,00,01,00,00,00,00,00,00,00,00,00,00,00,00,01
1089,47,00,B2,00,00,00,01,00,00,00,00,00,00,00,00,00,00,00,00,01
1090,47,00,B2,00,00,00,01,00,00,00,00,00,00,00,00,00,00,00,00,01
1091,48,00,B2,00,00,00,01,00,00,00,00,00,00,00,00,00,00,00,00,01
1092,48,00,B2,00,00,00,01,00,00,00,00,00,00,00,00,00,00,00,00,01
1093,49,00,B2,00,00,00,01,00,00,00,00,00,00,00,00,00,00,00,00,01
1094,49,00,B2,00,00,00,01,00,00,00,00,00,00,00,00,00,00,00,00,01
1095,4A,00,B2,00,00,00,01,00,00,00,00,00,00,00,00,00,00,00,00,01
1096,4A,00,B2,00,00,00,01,00,00,00,00,00,00,00,00,00,00,00,00,01
1097,4B,00,B2,00,00,00,01,00,00,00,00,00,00,00,00,00,00,00,00,01
1098,4B,00,B2,00,00,00,01,00,00,00,00,00,00,00,00,00,00,00,00,01
1099,4C,00,B2,00,00,00,01,00,00,00,00,00,00,00,00,00,00,00,00,01
1100,4C,00,B2,00,00,00,01,00,00,00,00,00,00,00,00,00,00,00,00,01
1101,4D,00,B2,00,00,00,01,00,00,00,00,00,00,00,00,00,00,00,00,01
1102,4D,00,B2,00,00,00,01,00,00,00,00,00,00,00,00,00,00,00,00,01
1103,4E,00,B2,00,00,00,01,00,00,00,00,00,00,00,00,00,00,00,00,01
1104,4E,00,B2,00,00,00,01,00,00,00,00,00,00,00,00,00,00,00,00,01
1105,4F,00,B2,00,00,00,01,00,00,00,00,00,00,00,00,00,00,00,00,01
1106,4F,00,B2,00,00,00,01,00,00,00,00,00,00,00,00,00,00,00,00,01
1107,50,00,B2,00,00,00,01,00,00,00,00,00,00,00,00,00,00,00,00,01
1108,50,00,B2,00,00,00,01,00,00,00,00,00,00,00,00,00,00,00,00,01
1109,51,00,B2,00,00,00,01,00,00,00,00,00,00,00,00,00,00,00,00,01
1110,51,00,B2,00,00,00,01,00,00,00,00,00,00,00,00,00,00,00,00,01
1111,52,00,B2,00,00,00,01,00,00,00,00,00,00,00,00,00,00,00,00,01
1112,52,00,B2,00,00,00,01,00,00,00,00,00,00,00,00,00,00,00,00,01
1113,53,00,B2,00,00,00,01,00,00,00,00,00,00,00,00,00,00,00,00,01
1114,53,00,B2,00,00,00,01,00,00,00,00,00,00,00,00,00,00,00,00,01
1115,54,00,B2,00,00,00,01,00,00,00,00,00,00,00,00,00,00,00,00,01
1116,54,00,B2,00,00,00,01,00,00,00,00,00,00,00,00,00,00,00,00,01
1117,55,00,B2,00,00,00,01,00,00,00,00,00,00,00,00,00,00,00,00,01
1118,55,00,B2,00,00,00,01,00,00,00,00,00,00,00,00,00,00,00,00,01
1119,56,00,B2,00,00,00,01,00,00,00,00,00,00,00,00,00,00,00,00,01
1120,56,00,B2,00,00,00,01,00,00,00,00,00,00,00,00,00,00,00,00,01
1121,57,00,B2,00,00,00,01,00,00,00,00,00,00,00,00,00,00,00,00,01
1122,57,00,B2,00,00,00,01,00,00,00,00,00,00,00,00,00,00,00,00,01
1123,58,00,B2,00,00,00,01,00,00,00,00,00,00,00,00,00,00,00,00,01
1124,58,00,B2,00,00,00,01,00,00,00,00,00,00,00,00,00,00,00,00,01
1125,59,00,B2,00,00,00,01,00,00,00,00,00,00,00,00,00,00,00,00,01
1126,59,00,B2,00,00,00,01,00,00,00,00,00,00,00,00,00,00,00,00,01
1127,5A,00,B2,00,00,00,01,00,00,00,00,00,00,00,00,00,00,00,00,01
1128,5A,00,B2,00,00,00,01,00,00,00,00,00,00,00,00,00,00,00,00,01
1129,5B,00,B2,00,00,00,01,00,00,00,00,00,00,00,00,00,00,00,00,01
1130,5B,00,B2,00,00,00,01,00,00,00,00,00,00,00,00,00,00,00,00,01
1131,5C,00,B2,00,00,00,01,00,00,00,00,00,00,00,00,00,00,00,00,01
1132,5C,00,B2,00,00,00,01,00,00,00,00,00,00,00,00,00,00,00,00,01
1133,5D,00,B2,00,00,00,01,00,00,00,00,00,00,00,00,00,00,00,00,01
1134,5D,00,B2,00,00,00,01,00,00,00,00,00,00,00,00,00,00,00,00,01
1135,5E,00,B2,00,00,00,01,00,00,00,00,00,00,00,00,00,00,00,00,01
1136,5E,00,B2,00,00,00,01,00,00,00,00,00,00,00,00,00,00,00,00,01
1137,5F,00,B2,00,00,00,01,00,00,00,00,00,00,00,00,00,00,00,00,01
1138,5F,00,B2,00,00,00,01,00,00,00,00,00,00,00,00,00,00,00,00,01
1139,60,00,B2,00,00,00,01,00,00,00,00,00,00,00,00,00,00,00,00,01
1140,60,00,B2,00,00,00,01,00,00,00,00,00,00,00,00,00,00,00,00,01
1141,61,00,B2,00,00,00,01,00,00,00,00,00,00,00,00,00,00,00,00,01
1142,61,00,B2,00,00,00,01,00,00,00,00,00,00,00,00,00,00,00,00,01
1143,62,00,B2,00,00,00,01,00,00,00,00,00,00,00,00,00,00,00,00,01
1144,62,00,B2,00,00,00,01,00,00,00,00,00,00,00,00,00,00,00,00,01
1145,63,00,B2,00,00,00,01,00,00,00,00,00,00,00,00,00,00,00,00,01
1146,63,00,B2,00,00,00,01,00,00,00,00,00,00,00,00,00,00,00,00,01
1147,64,00,B2,00,00,00,01,00,00,00,00,00,00,00,00,00,00,00,00,01
1148,64,00,B2,00,00,00,01,00,00,00,00,00,00,00,00,00,00,00,00,01
1149,65,00,B2,00,00,00,01,00,00,00,00,00,00,00,00,00,00,00,00,01
1150,65,00,B2,00,00,00,01,00,00,00,00,00,00,00,00,00,00,00,00,01
1151,66,00,B2,00,00,00,01,00,00,00,00,00,00,00,00,00,00,00,00,01
1152,66,00,B2,00,00,00,01,00,00,00,00,00,00,00,00,00,00,00,00,01
1153,67,00,B2,00,00,00,01,00,00,00,00,00,00,00,00,00,00,00,00,01
1154,67,00,B2,00,00,00,01,00,00,00,00,00,00,00,00,00,00,00,00,01
1155,68,00,B2,00,00,00,01,00,00,00,00,00,00,00,00,00,00,00,00,01
1156,68,00,B2,00,00,00,01,00,00,00,00,00,00,00,00,00,00,00,00,01
1157,69,00,B2,00,00,00,01,00,00,00,00,00,00,00,00,00,00,00,00,01
1158,69,00,B2,00,00,00,01,00,00,00,00,00,00,00,00,00,00,00,00,01
1159,6A,00,B2,00,00,00,01,00,00,00,00,00,00,00,00,00,00,00,00,01
1160,6A,00,B2,00,00,00,01,00,00,00,00,00,00,00,00,00,00,00,00,01
1161,6B,00,B2,00,00,00,01,00,00,00,00,00,00,00,00,00,00,00,00,01
1162,6B,00,B2,00,00,00,01,00,00,00,00,00,00,00,00,00,00,00,00,01
1163,6C,00,B2,00,00,00,01,00,00,00,00,00,00,00,00,00,00,00,00,01
1164,6C,00,B2,00,00,00,01,00,00,00,00,00,00,00,00,00,00,00,00,01
1165,6D,00,B2,00,00,00,01,00,00,00,00,00,00,00,00,00,00,00,00,01
1166,6D,00,B2,00,00,00,01,00,00,00,00,00,00,00,00,00,00,00,00,01
1167,6E,00,B2,00,00,00,01,00,00,00,00,00,00,00,00,00,00,00,00,01
1168,6E,00,B2,00,00,00,01,00,00,00,00,00,00,00,00,00,00,00,00,01
1169,6F,00,B2,00,00,00,01,00,00,00,00,00,00,00,00,00,00,00,00,01
1170,6F,00,B2,00,00,00,01,00,00,00,00,00,00,00,00,00,00,00,00,01
1171,70,00,B2,00,00,00,01,00,00,00,00,00,00,00,00,00,00,00,00,01
1172,70,00,B2,00,00,00,01,00,00,00,00,00,00,00,00,00,00,00,00,01
1173,71,00,B2,00,00,00,01,00,00,00,00,00,00,00,00,00,00,00,00,01
1174,71,00,B2,00,00,00,01,00,00,00,00,00,00,00,00,00,00,00,00,01
1175,72,00,B2,00,00,00,01,00,00,00,00,00,00,00,00,00,00,00,00,01
1176,72,00,B2,00,00,00,01,00,00,00,00,00,00,00,00,00,00,00,00,01
1177,73,00,B2,00,00,00,01,00,00,00,00,00,00,00,00,00,00,00,00,01
1178,73,00,B2,00,00,00,01,00,00,00,00,00,00,00,00,00,00,00,00,01
1179,74,00,B2,00,00,00,01,00,00,00,00,00,00,00,00,00,00,00,00,01
1180,74,00,B2,00,00,00,01,00,00,00,00,00,00,00,00,00,00,00,00,01
1181,75,00,B2,00,00,00,01,00,00,00,00,00,00,00,00,00,00,00,00,01
1182,75,00,B2,00,00,00,01,00,00,00,00,00,00,00,00,00,00,00,00,01
1183,76,00,B2,00,00,00,01,00,00,00,00,00,00,00,00,00,00,00,00,01
1184,76,00,B2,00,00,00,01,00,00,00,00,00,00,00,00,00,00,00,00,01
1185,77,00,B2,00,00,00,01,00,00,00,00,00,00,00,00,00,00,00,00,01
1186,77,00,B2,00,00,00,01,00,00,00,00,00,00,00,00,00,00,00,00,01
1187,78,00,B2,00,00,00,01,00,00,00,00,00,00,00,00,00,00,00,00,01
1188,78,00,B2,00,00,00,01,00,00,00,00,00,00,00,00,00,00,00,00,01
1189,79,00,B2,00,00,00,01,00,00,00,00,00,00,00,00,00,00,00,00,01
1190,79,00,B2,00,00,00,01,00,00,00,00,00,00,00,00,00,00,00,00,01
1191,7A,00,B2,00,00,00,01,00,00,00,00,00,00,00,00,00,00,00,00,01
1192,7A,00,B2,00,00,00,01,00,00,00,00,00,00,00,00,00,00,00,00,01
1193,7B,00,B2,00,00,00,01,00,00,00,00,00,00,00,00,00,00,00,00,01
1194,7B,00,B2,00,00,00,01,00,00,00,00,00,00,00,00,00,00,00,00,01
1195,7C,00,B2,00,00,00,01,00,00,00,00,00,00,00,00,00,00,00,00,01
1196,7C,00,B2,00,00,00,01,00,00,00,00,00,00,00,00,00,00,00,00,01
1197,7D,00,B2,00,00,00,01,00,00,00,00,00,00,00,00,00,00,00,00,01
1198,7D,00,B2,00,00,00,01,00,00,00,00,00,00,00,00,00,00,00,00,01
1199,7E,00,B2,00,00,00,01,00,00,00,00,00,00,00,00,00,00,00,00,01
1200,7E,00,B2,00,00,00,01,00,00,00,00,00,00,00,00,00,00,00,00,01
1201,7F,00,B2,00,00,00,01,00,00,00,00,00,00,00,00,00,00,00,00,01
1202,7F,00,B2,00,00,00,01,00,00,00,00,00,00,00,00,00,00,00,00,01
1203,80,00,B2,00,00,00,01,00,00,00,00,00,00,00,00,00,00,00,00,01
1204,80,00,B2,00,00,00,01,00,00,00,00,00,00,00,00,00,00,00,00,01
1205,81,00,B2,00,00,00,01,00,00,00,00,00,00,00,00,00,00,00,00,01
1206,81,00,B2,00,00,00,01,00,00,00,00,00,00,00,00,00,00,00,00,01
1207,82,00,B2,00,00,00,01,00,00,00,00,00,00,00,00,00,00,00,00,01
1208,82,00,B2,00,00,00,01,00,00,00,00,00,00,00,00,00,00,00,00,01
1209,83,00,B2,00,00,00,01,00,00,00,00,00,00,00,00,00,00,00,00,01
1210,83,00,B2,00,00,00,01,00,00,00,00,00,00,00,00,00,00,00,00,01
1211,84,00,B2,00,00,00,01,00,00,00,00,00,00,00,00,00,00,00,00,01
1212,84,00,B2,00,00,00,01,00,00,00,00,00,00,00,00,00,00,00,00,01
1213,85,00,B2,00,00,00,01,00,00,00,00,00,00,00,00,00,00,00,00,01
1214,85,00,B2,00,00,00,01,00,00,00,00,00,00,00,00,00,00,00,00,01
1215,86,00,B2,00,00,00,01,00,00,00,00,00,00,00,00,00,00,00,00,01
1216,86,00,B2,00,00,00,01,00,00,00,00,00,00,00,00,00,00,00,00,01
1217,87,00,B2,00,00,00,01,00,00,00,00,00,00,00,00,00,00,00,00,01
1218,87,00,B2,00,00,00,01,00,00,00,00,00,00,00,00,00,00,00,00,01
1219,88,00,B2,00,00,00,01,00,00,00,00,00,00,00,00,00,00,00,00,01
1220,88,00,B2,00,00,00,01,00,00,00,00,00,00,00,00,00,00,00,00,01
1221,89,00,B2,00,00,00,01,00,00,00,00,00,00,00,00,00,00,00,00,01
1222,89,00,B2,00,00,00,01,00,00,00,00,00,00,00,00,00,00,00,00,01
1223,8A,00,B2,00,00,00,01,00,00,00,00,00,00,00,00,00,00,00,00,01
1224,8A,00,B2,00,00,00,01,00,00,00,00,00,00,00,00,00,00,00,00,01
1225,8B,00,B2,00,00,00,01,00,00,00,00,00,00,00,00,00,00,00,00,01
1226,8B,00,B2,00,00,00,01,00,00,00,00,00,00,00,00,00,00,00,00,01
1227,8C,00,B2,00,00,00,01,00,00,00,00,00,00,00,00,00,00,00,00,01
1228,8C,00,B2,00,00,00,01,00,00,00,00,00,00,00,00,00,00,00,00,01
1229,8D,00,B2,00,00,00,01,00,00,00,00,00,00,00,00,00,00,00,00,01
1230,8D,00,B2,00,00,00,01,00,00,00,00,00,00,00,00,00,00,00,00,01
1231,8E,00,B2,00,00,00,01,00,00,00,00,00,00,00,00,00,00,00,00,01
1232,8E,00,B2,00,00,00,01,00,00,00,00,00,00,00,00,00,00,00,00,01
1233,8F,00,B2,00,00,00,01,00,00,00,00,00,00,00,00,00,00,00,00,01
1234,8F,00,B2,00,00,00,01,00,00,00,00,00,00,00,00,00,00,00,00,01
1235,90,00,B2,00,00,00,01,00,00,00,00,00,00,00,00,00,00,00,00,01
1236,90,00,B2,00,00,00,01,00,00,00,00,00,00,00,00,00,00,00,00,01
1237,91,00,B2,00,00,00,01,00,00,00,00,00,00,00,00,00,00,00,00,01
1238,91,00,B2,00,00,00,01,00,00,00,00,00,00,00,00,00,00,00,00,01
1239,92,00,B2,00,00,00,01,00,00,00,00,00,00,00,00,00,00,00,00,01
1240,92,00,B2,00,00,00,01,00,00,00,00,00,00,00,00,00,00,00,00,01
1241,93,00,B2,00,00,00,01,00,00,00,00,00,00,00,00,00,00,00,00,01
1242,93,00,B2,00,00,00,01,00,00,00,00,00,00,00,00,00,00,00,00,01
1243,94,00,B2,00,00,00,01,00,00,00,00,00,00,00,00,00,00,00,00,01
1244,94,00,B2,00,00,00,01,00,00,00,00,00,00,00,00,00,00,00,00,01
1245,95,00,B2,00,00,00,01,00,00,00,00,00,00,00,00,00,00,00,00,01
1246,95,00,B2,00,00,00,01,00,00,00,00,00,00,00,00,00,00,00,00,01
1247,96,00,B2,00,00,00,01,00,00,00,00,00,00,00,00,00,00,00,00,01
1248,96,00,B2,00,00,00,01,00,00,00,00,00,00,00,00,00,00,00,00,01
1249,97,00,B2,00,00,00,01,00,00,00,00,00,00,00,00,00,00,00,00,01
1250,97,00,B2,00,00,00,01,00,00,00,00,00,00,00,00,00,00,00,00,01
1251,98,00,B2,00,00,00,01,00,00,00,00,00,00,00,00,00,00,00,00,01
1252,98,00,B2,00,00,00,01,00,00,00,00,00,00,00,00,00,00,00,00,01
1253,99,00,B2,00,00,00,01,00,00,00,00,00,00,00,00,00,00,00,00,01
1254,99,00,B2,00,00,00,01,00,00,00,00,00,00,00,00,00,00,00,00,01
1255,9A,00,B2,00,00,00,01,00,00,00,00,00,00,00,00,00,00,00,00,01
1256,9A,00,B2,00,00,00,01,00,00,00,00,00,00,00,00,00,00,00,00,01
1257,9B,00,B2,00,00,00,01,00,00,00,00,00,00,00,00,00,00,00,00,01
1258,9B,00,B2,00,00,00,01,00,00,00,00,00,00,00,00,00,00,00,00,01
1259,9C,00,B2,00,00,00,01,00,00,00,00,00,00,00,00,00,00,00,00,01
1260,9C,00,B2,00,00,00,01,00,00,00,00,00,00,00,00,00,00,00,00,01
1261,9D,00,B2,00,00,00,01,00,00,00,00,00,00,00,00,00,00,00,00,01
1262,9D,00,B2,00,00,00,01,00,00,00,00,00,00,00,00,00,00,00,00,01
1263,9E,00,B2,00,00,00,01,00,00,00,00,00,00,00,00,00,00,00,00,01
1264,9E,00,B2,00,00,00,01,00,00,00,00,00,00,00,00,00,00,00,00,01
1265,9F,00,B2,00,00,00,01,00,00,00,00,00,00,00,00,00,00,00,00,01
1266,9F,00,B2,00,00,00,01,00,00,00,00,00,00,00,00,00,00,00,00,01
1267,A0,00,B2,00,00,00,01,00,00,00,00,00,00,00,00,00,00,00,00,01
1268,A0,00,B2,00,00,00,01,00,00,00,00,00,00,00,00,00,00,00,00,01
1269,A1,00,B2,00,00,00,01,00,00,00,00,00,00,00,00,00,00,00,00,01
1270,A1,00,B2,00,00,00,01,00,00,00,00,00,00,00,00,00,00,00,00,01
1271,A2,00,B2,00,00,00,01,00,00,00,00,00,00,00,00,00,00,00,00,01
1272,A2,00,B2,00,00,00,01,00,00,00,00,00,00,00,00,00,00,00,00,01
1273,A3,00,B2,00,00,00,01,00,00,00,00,00,00,00,00,00,00,00,00,01
1274,A3,00,B2,00,00,00,01,00,00,00,00,00,00,00,00,00,00,00,00,01
1275,A4,00,B2,00,00,00,01,00,00,00,00,00,00,00,00,00,00,00,00,01
1276,A4,00,B2,00,00,00,01,00,00,00,00,00,00,00,00,00,00,00,00,01
1277,A5,00,B2,00,00,00,01,00,00,00,00,00,00,00,00,00,00,00,00,01
1278,A5,00,B2,00,00,00,01,00,00,00,00,00,00,00,00,00,00,00,00,01
1279,A6,00,B2,00,00,00,01,00,00,00,00,00,00,00,00,00,00,00,00,01
1280,A6,00,B2,00,00,00,01,00,00,00,00,00,00,00,00,00,00,00,00,01
1281,A7,00,B2,00,00,00,01,00,00,00,00,00,00,00,00,00,00,00,00,01
1282,A7,00,B2,00,00,00,01,00,00,00,00,00,00,00,00,00,00,00,00,01
1283,A8,00,B2,00,00,00,01,00,00,00,00,00,00,00,00,00,00,00,00,01
1284,A8,00,B2,00,00,00,01,00,00,00,00,00,00,00,00,00,00,00,00,01
1285,A9,00,B2,00,00,00,01,00,00,00,00,00,00,00,00,00,00,00,00,01
1286,A9,00,B2,00,00,00,01,00,00,00,00,00,00,00,00,00,00,00,00,01
1287,AA,00,B2,00,00,00,01,00,00,00,00,00,00,00,00,00,00,00,00,01
1288,AA,00,B2,00,00,00,01,00,00,00,00,00,00,00,00,00,00,00,00,01
1289,AB,00,B2,00,00,00,01,00,00,00,00,00,00,00,00,00,00,00,00,01
1290,AB,00,B2,00,00,00,01,00,00,00,00,00,00,00,00,00,00,00,00,01
1291,AC,00,B2,00,00,00,01,00,00,00,00,00,00,00,00,00,00,00,00,01
1292,AC,00,B2,00,00,00,01,00,00,00,00,00,00,00,00,00,00,00,00,01
1293,AD,00,B2,00,00,00,01,00,00,00,00,00,00,00,00,00,00,00,00,01
1294,AD,00,B2,00,00,00,01,00,00,00,00,00,00,00,00,00,00,00,00,01
1295,AE,00,B2,00,00,00,01,00,00,00,00,00,00,00,00,00,00,00,00,01
1296,AE,00,B2,00,00,00,01,00,00,00,00,00,00,00,00,00,00,00,00,01
1297,AF,00,B2,00,00,00,01,00,00,00,00,00,00,00,00,00,00,00,00,01
1298,AF,00,B2,00,00,00,01,00,00,00,00,00,00,00,00,00,00,00,00,01
1299,B0,00,B2,00,00,00,01,00,00,00,00,00,00,00,00,00,00,00,00,01
1300,B0,00,B2,00,00,00,01,00,00,00,00,00,00,00,00,00,00,00,00,01
1301,B1,00,B2,00,00,00,01,00,00,00,00,00,00,00,00,00,00,00,00,01
1302,B1,00,B2,00,00,00,01,00,00,00,00,00,00,00,00,00,00,00,00,01
1303,B2,00,B2,00,00,00,01,00,00,00,00,00,00,00,00,00,00,00,00,01
1304,B2,00,B2,00,00,00,01,00,00,00,00,00,00,00,00,00,00,00,00,01
1305,B3,00,B2,00,00,00,01,00,00,00,00,00,00,00,00,00,00,00,00,01
1306,B3,00,B2,00,00,00,01,00,00,00,00,00,00,00,00,00,00,00,00,01
1307,B4,00,B2,00,00,00,01,00,00,00,00,00,00,00,00,00,00,00,00,01
1308,B4,00,B2,00,00,00,01,00,00,00,00,00,00,00,00,00,00,00,00,01
1309,B5,00,B2,00,00,00,01,00,00,00,00,00,00,00,00,00,00,00,00,01
1310,B5,00,B2,00,00,00,01,00,00,00,00,00,00,00,00,00,00,00,00,01
1311,B6,00,B2,00,00,00,01,00,00,00,00,00,00,00,00,00,00,00,00,01
1312,B6,00,B2,00,00,00,01,00,00,00,00,00,00,00,00,00,00,00,00,01
1313,B7,00,B2,00,00,00,01,00,00,00,00,00,00,00,00,00,00,00,00,01
1314,B7,00,B2,00,00,00,01,00,00,00,00,00,00,00,00,00,00,00,00,01
1315,B8,00,B2,00,00,00,01,00,00,00,00,00,00,00,00,00,00,00,00,01
1316,B8,00,B2,00,00,00,01,00,00,00,00,00,00,00,00,00,00,00,00,01
1317,B9,00,B2,00,00,00,01,00,00,00,00,00,00,00,00,00,00,00,00,01
1318,B9,00,B2,00,00,00,01,00,00,00,00,00,00,00,00,00,00,00,00,01
1319,BA,00,B2,00,00,00,01,00,00,00,00,00,00,00,00,00,00,00,00,01
1320,BA,00,B2,00,00,00,01,00,00,00,00,00,00,00,00,00,00,00,00,01
1321,BB,00,B2,00,00,00,01,00,00,00,00,00,00,00,00,00,00,00,00,01
1322,BB,00,B2,00,00,00,01,00,00,00,00,00,00,00,00,00,00,00,00,01
1323,BC,00,B2,00,00,00,01,00,00,00,00,00,00,00,00,00,00,00,00,01
1324,BC,00,B2,00,00,00,01,00,00,00,00,00,00,00,00,00,00,00,00,01
1325,BD,00,B2,00,00,00,01,00,00,00,00,00,00,00,00,00,00,00,00,01
1326,BD,00,B2,00,00,00,01,00,00,00,00,00,00,00,00,00,00,00,00,01
1327,BE,00,B2,00,00,00,01,00,00,00,00,00,00,00,00,00,00,00,00,01
1328,BE,00,B2,00,00,00,01,00,00,00,00,00,00,00,00,00,00,00,00,01
1329,BF,00,B2,00,00,00,01,00,00,00,00,00,00,00,00,00,00,00,00,01
1330,BF,00,B2,00,00,00,01,00,00,00,00,00,00,00,00,00,00,00,00,01
1331,C0,00,B2,00,00,00,01,00,00,00,00,00,00,00,00,00,00,00,00,01
1332,C0,00,B2,00,00,00,01,00,00,00,00,00,00,00,00,00,00,00,00,01
1333,C1,00,B2,00,00,00,01,00,00,00,00,00,00,00,00,00,00,00,00,01
1334,C1,00,B2,00,00,00,01,00,00,00,00,00,00,00,00,00,00,00,00,01
1335,C2,00,B2,00,00,00,01,00,00,00,00,00,00,00,00,00,00,00,00,01
1336,C2,00,B2,00,00,00,01,00,00,00,00,00,00,00,00,00,00,00,00,01
1337,C3,00,B2,00,00,00,01,00,00,00,00,00,00,00,00,00,00,00,00,01
1338,C3,00,B2,00,00,00,01,00,00,00,00,00,00,00,00,00,00,00,00,01
1339,C4,00,B2,00,00,00,01,00,00,00,00,00,00,00,00,00,00,00,00,01
1340,C4,00,B2,00,00,00,01,00,00,00,00,00,00,00,00,00,00,00,00,01
1341,C5,00,B2,00,00,00,01,00,00,00,00,00,00,00,00,00,00,00,00,01
1342,C5,00,B2,00,00,00,01,00,00,00,00,00,00,00,00,00,00,00,00,01
1343,C6,00,B2,00,00,00,01,00,00,00,00,00,00,00,00,00,00,00,00,01
1344,C6,00,B2,00,00,00,01,00,00,00,00,00,00,00,00,00,00,00,00,01
1345,C7,00,B2,00,00,00,01,00,00,00,00,00,00,00,00,00,00,00,00,01
1346,C7,00,B2,00,00,00,01,00,00,00,00,00,00,00,00,00,00,00,00,01
1347,C8,00,B2,00,00,00,01,00,00,00,00,00,00,00,00,00,00,00,00,01
1348,C8,00,B2,00,00,00,01,00,00,00,00,00,00,00,00,00,00,00,00,01
1349,C9,00,B2,00,00,00,01,00,00,00,00,00,00,00,00,00,00,00,00,01
1350,C9,00,B2,00,00,00,01,00,00,00,00,00,00,00,00,00,00,00,00,01
1351,CA,00,B2,00,00,00,01,00,00,00,00,00,00,00,00,00,00,00,00,01
1352,CA,00,B2,00,00,00,01,00,00,00,00,00,00,00,00,00,00,00,00,01
1353,CB,00,B2,00,00,00,01,00,00,00,00,00,00,00,00,00,00,00,00,01
1354,CB,00,B2,00,00,00,01,00,00,00,00,00,00,00,00,00,00,00,00,01
1355,CC,00,B2,00,00,00,01,00,00,00,00,00,00,00,00,00,00,00,00,01
1356,CC,00,B2,00,00,00,01,00,00,00,00,00,00,00,00,00,00,00,00,01
1357,CD,00,B2,00,00,00,01,00,00,00,00,00,00,00,00,00,00,00,00,01
1358,CD,00,B2,00,00,00,01,00,00,00,00,00,00,00,00,00,00,00,00,01
1359,CE,00,B2,00,00,00,01,00,00,00,00,00,00,00,00,00,00,00,00,01
1360,CE,00,B2,00,00,00,01,00,00,00,00,00,00,00,00,00,00,00,00,01
1361,CF,00,B2,00,00,00,01,00,00,00,00,00,00,00,00,00,00,00,00,01
1362,CF,00,B2,00,00,00,01,00,00,00,00,00,00,00,00,00,00,00,00,01
1363,D0,00,B2,00,00,00,01,00,00,00,00,00,00,00,00,00,00,00,00,01
1364,D0,00,B2,00,00,00,01,00,00,00,00,00,00,00,00,00,00,00,00,01
1365,D1,00,B2,00,00,00,01,00,00,00,00,00,00,00,00,00,00,00,00,01
1366,D1,00,B2,00,00,00,01,00,00,00,00,00,00,00,00,00,00,00,00,01
1367,D2,00,B2,00,00,00,01,00,00,00,00,00,00,00,00,00,00,00,00,01
1368,D2,00,B2,00,00,00,01,00,00,00,00,00,00,00,00,00,00,00,00,01
1369,D3,00,B2,00,00,00,01,00,00,00,00,00,00,00,00,00,00,00,00,01
1370,D3,00,B2,00,00,00,01,00,00,00,00,00,00,00,00,00,00,00,00,01
1371,D4,00,B2,00,00,00,01,00,00,00,00,00,00,00,00,00,00,00,00,01
1372,D4,00,B2,00,00,00,01,00,00,00,00,00,00,00,00,00,00,00,00,01
1373,D5,00,B2,00,00,00,01,00,00,00,00,00,00,00,00,00,00,00,00,01
1374,D5,00,B2,00,00,00,01,00,00,00,00,00,00,00,00,00,00,00,00,01
1375,D6,00,B2,00,00,00,01,00,00,00,00,00,00,00,00,00,00,00,00,01
1376,D6,00,B2,00,00,00,01,00,00,00,00,00,00,00,00,00,00,00,00,01
1377,D7,00,B2,00,00,00,01,00,00,00,00,00,00,00,00,00,00,00,00,01
1378,D7,00,B2,00,00,00,01,00,00,00,00,00,00,00,00,00,00,00,00,01
1379,D8,00,B2,00,00,00,01,00,00,00,00,00,00,00,00,00,00,00,00,01
1380,D8,00,B2,00,00,00,01,00,00,00,00,00,00,00,00,00,00,00,00,01
1381,D9,00,B2,00,00,00,01,00,00,00,00,00,00,00,00,00,00,00,00,01
1382,D9,00,B2,00,00,00,01,00,00,00,00,00,00,00,00,00,00,00,00,01
1383,DA,00,B2,00,00,00,01,00,00,00,00,00,00,00,00,00,00,00,00,01
1384,DA,00,B2,00,00,00,01,00,00,00,00,00,00,00,00,00,00,00,00,01
1385,DB,00,B2,00,00,00,01,00,00,00,00,00,00,00,00,00,00,00,00,01
1386,DB,00,B2,00,00,00,01,00,00,00,00,00,00,00,00,00,00,00,00,01
1387,DC,00,B2,00,00,00,01,00,00,00,00,00,00,00,00,00,00,00,00,01
1388,DC,00,B2,00,00,00,01,00,00,00,00,00,00,00,00,00,00,00,00,01
1389,DD,00,B2,00,00,00,01,00,00,00,00,00,00,00,00,00,00,00,00,01
1390,DD,00,B2,00,00,00,01,00,00,00,00,00,00,00,00,00,00,00,00,01
1391,DE,00,B2,00,00,00,01,00,00,00,00,00,00,00,00,00,00,00,00,01
1392,DE,00,B2,00,00,00,01,00,00,00,00,00,00,00,00,00,00,00,00,01
1393,DF,00,B2,00,00,00,01,00,00,00,00,00,00,00,00,00,00,00,00,01
1394,DF,00,B2,00,00,00,01,00,00,00,00,00,00,00,00,00,00,00,00,01
1395,E0,00,B2,00,00,00,01,00,00,00,00,00,00,00,00,00,00,00,00,01
1396,E0,00,B2,00,00,00,01,00,00,00,00,00,00,00,00,00,00,00,00,01
1397,E1,00,B2,00,00,00,01,00,00,00,00,00,00,00,00,00,00,00,00,01
1398,E1,00,B2,00,00,00,01,00,00,00,00,00,00,00,00,00,00,00,00,01
1399,E2,00,B2,00,00,00,01,00,00,00,00,00,00,00,00,00,00,00,00,01
1400,E2,00,B2,00,00,00,01,00,00,00,00,00,00,00,00,00,00,00,00,01
1401,E3,00,B2,00,00,00,01,00,00,00,00,00,00,00,00,00,00,00,00,01
1402,E3,00,B2,00,00,00,01,00,00,00,00,00,00,00,00,00,00,00,00,01
1403,E4,00,B2,00,00,00,01,00,00,00,00,00,00,00,00,00,00,00,00,01
1404,E4,00,B2,00,00,00,01,00,00,00,00,00,00,00,00,00,00,00,00,01
1405,E5,00,B2,00,00,00,01,00,00,00,00,00,00,00,00,00,00,00,00,01
1406,E5,00,B2,00,00,00,01,00,00,00,00,00,00,00,00,00,00,00,00,01
1407,E6,00,B2,00,00,00,01,00,00,00,00,00,00,00,00,00,00,00,00,01
1408,E6,00,B2,00,00,00,01,00,00,00,00,00,00,00,00,00,00,00,00,01
1409,E7,00,B2,00,00,00,01,00,00,00,00,00,00,00,00,00,00,00,00,01
1410,E7,00,B2,00,00,00,01,00,00,00,00,00,00,00,00,00,00,00,00,01
1411,E8,00,B2,00,00,00,01,00,00,00,00,00,00,00,00,00,00,00,00,01
1412,E8,00,B2,00,00,00,01,00,00,00,00,00,00,00,00,00,00,00,00,01
1413,E9,00,B2,00,00,00,01,00,00,00,00,00,00,00,00,00,00,00,00,01
1414,E9,00,B2,00,00,00,01,00,00,00,00,00,00,00,00,00,00,00,00,01
1415,EA,00,B2,00,00,00,01,00,00,00,00,00,00,00,00,00,00,00,00,01
1416,EA,00,B2,00,00,00,01,00,00,00,00,00,00,00,00,00,00,00,00,01
1417,EB,00,B2,00,00,00,01,00,00,00,00,00,00,00,00,00,00,00,00,01
1418,EB,00,B2,00,00,00,01,00,00,00,00,00,00,00,00,00,00,00,00,01
1419,EC,00,B2,00,00,00,01,00,00,00,00,00,00,00,00,00,00,00,00,01
1420,EC,00,B2,00,00,00,01,00,00,00,00,00,00,00,00,00,00,00,00,01
1421,ED,00,B2,00,00,00,01,00,00,00,00,00,00,00,00,00,00,00,00,01
1422,ED,00,B2,00,00,00,01,00,00,00,00,00,00,00,00,00,00,00,00,01
1423,EE,00,B2,00,00,00,01,00,00,00,00,00,00,00,00,00,00,00,00,01
1424,EE,00,B2,00,00,00,01,00,00,00,00,00,00,00,00,00,00,00,00,01
1425,EF,00,B2,00,00,00,01,00,00,00,00,00,00,00,00,00,00,00,00,01
1426,EF,00,B2,00,00,00,01,00,00,00,00,00,00,00,00,00,00,00,00,01
1427,00,00,B2,01,00,00,01,00,00,01,00,00,00,00,00,00,00,00,00,01
1428,00,00,B0,00,00,00,01,00,00,01,00,00,00,00,00,00,00,00,00,01
1429,01,00,B0,00,00,00,01,00,00,01,00,00,00,00,00,00,00,00,00,01
1430,01,00,B0,00,00,00,01,00,00,01,00,00,00,00,00,00,00,00,00,01
1431,02,00,B0,00,00,00,01,00,00,01,00,00,00,00,00,00,00,00,00,01
1432,02,00,B0,00,00,00,01,00,00,01,00,00,00,00,00,00,00,00,00,01
1433,03,00,B0,00,00,00,01,00,00,01,00,00,00,00,00,00,00,00,00,01
1434,03,00,B0,00,00,00,01,00,00,01,00,00,00,00,00,00,00,00,00,01
1435,04,00,B0,00,00,00,01,00,00,01,00,00,00,00,00,00,00,00,00,01
1436,04,00,B0,00,00,00,01,00,00,01,00,00,00,00,00,00,00,00,00,01
1437,05,00,B0,00,00,00,01,00,00,01,00,00,00,00,00,00,00,00,00,01
1438,05,00,B0,00,00,00,01,00,00,01,00,00,00,00,00,00,00,00,00,01
1439,06,00,B0,00,00,00,01,00,00,01,00,00,00,00,00,00,00,00,00,01
1440,06,00,B0,00,00,00,01,00,00,01,00,00,00,00,00,00,00,00,00,01
1441,07,00,B0,00,00,00,01,00,00,01,00,00,00,00,00,00,00,00,00,01
1442,07,00,B0,00,00,00,01,00,00,01,00,00,00,00,00,00,00,00,00,01
1443,08,00,B0,00,00,00,01,01,00,00,00,00,00,00,00,00,00,00,00,01
1444,08,00,B0,00,00,00,01,01,00,00,00,00,00,29,E0,2B,00,00,00,01
1445,08,00,B0,00,00,00,01,01,00,00,00,00,00,29,E0,2B,00,00,00,01
1446,08,00,B0,00,00,00,01,01,00,00,00,00,00,29,E0,2B,00,00,00,01
1447,08,00,B0,00,00,00,01,01,00,00,00,00,00,29,E0,2B,00,00,00,01
1448,08,00,B0,00,00,00,01,01,00,00,00,00,00,29,E0,2B,00,00,00,01
1449,08,00,B0,00,00,00,01,01,00,00,00,00,00,29,E0,2B,00,00,00,01
1450,08,00,B0,00,00,00,01,01,00,00,00,00,00,29,E0,2B,00,00,00,01
1451,08,00,B0,00,00,00,01,01,00,00,00,00,00,29,E0,2B,00,00,00,01
1452,08,00,B0,00,00,00,01,01,00,00,00,00,00,29,E0,2B,00,00,00,01
1453,08,00,B0,00,00,00,01,01,00,00,00,00,00,29,E0,2B,00,00,00,01
1454,08,00,B0,00,00,00,01,01,00,00,00,00,00,29,E0,2B,00,00,00,01
1455,08,00,B0,00,00,00,01,01,00,00,00,00,00,29,E0,2B,00,00,00,01
1456,08,00,B0,00,00,00,01,01,00,00,00,00,00,29,E0,2B,00,00,00,01
1457,08,00,B0,00,00,00,01,01,00,00,00,00,00,29,E0,2B,00,00,00,01
1458,08,00,B0,00,00,00,01,01,00,00,00,00,00,29,E0,2B,00,00,00,01
1459,08,00,B0,00,00,00,01,01,00,00,00,00,00,29,E0,2B,00,00,00,01
1460,08,00,B0,00,00,00,01,01,00,00,00,00,00,29,E0,2B,00,00,00,01
1461,08,00,B0,00,00,00,01,01,00,00,00,00,00,29,E0,2B,00,00,00,01
1462,08,00,B0,00,00,00,01,01,00,00,00,00,00,29,E0,2B,00,00,00,01
1463,08,00,B0,00,00,00,01,01,00,00,00,00,00,29,E0,2B,00,00,00,01
1464,08,00,B0,00,00,00,01,01,00,00,00,00,00,29,E0,2B,00,00,00,01
1465,08,00,B0,00,00,00,01,01,00,00,00,00,00,29,E0,2B,00,00,00,01
1466,08,00,B0,00,00,00,01,01,00,00,00,00,00,29,E0,2B,00,00,00,01
1467,08,00,B0,00,00,00,01,01,00,00,00,00,00,29,E0,2B,00,00,00,01
1468,08,00,B0,00,00,00,01,01,00,00,00,00,00,29,E0,2B,00,00,00,01
1469,08,00,B0,00,00,00,01,01,00,00,00,00,00,29,E0,2B,00,00,00,01
1470,08,00,B0,00,00,00,01,01,00,00,00,00,00,29,E0,2B,00,00,00,01
1471,08,00,B0,00,00,00,01,01,00,00,00,00,00,29,E0,2B,00,00,00,01
1472,08,00,B0,00,00,00,01,01,00,00,00,00,00,29,E0,2B,00,00,00,01
1473,08,00,B0,00,00,00,01,01,00,00,00,00,00,29,E0,2B,00,00,00,01
1474,08,00,B0,00,00,00,01,01,00,00,00,00,00,29,E0,2B,00,00,00,01
1475,08,00,B0,00,00,00,01,01,00,00,00,00,00,29,E0,2B,00,00,00,01
1476,08,00,B0,00,00,00,01,01,00,00,00,00,00,29,E0,2B,00,00,00,01
1477,08,00,B0,00,00,00,01,01,00,00,00,00,00,29,E0,2B,00,00,00,01
1478,08,00,B0,00,00,00,01,01,00,00,00,00,00,29,E0,2B,00,00,00,01
1479,08,00,B0,00,00,00,01,01,00,00,00,00,00,29,E0,2B,00,00,00,01
1480,08,00,B0,00,00,00,01,01,00,00,00,00,00,29,E0,2B,00,00,00,01
1481,08,00,B0,00,00,00,01,01,00,00,00,00,00,29,E0,2B,00,00,00,01
1482,08,00,B0,00,00,00,01,01,00,00,00,00,00,29,E0,2B,00,00,00,01
1483,08,00,B0,00,00,00,01,01,00,00,00,00,00,29,E0,2B,00,00,00,01
1484,08,00,B0,00,00,00,01,01,00,00,00,00,00,29,E0,2B,00,00,00,01
1485,08,00,B0,00,00,00,01,01,00,00,00,00,00,29,E0,2B,00,00,00,01
1486,08,00,B0,00,00,00,01,01,00,00,00,00,00,29,E0,2B,00,00,00,01
1487,08,00,B0,00,00,00,01,01,00,00,00,00,00,29,E0,2B,00,00,00,01
1488,08,00,B0,00,00,00,01,01,00,00,00,00,00,29,E0,2B,00,00,00,01
1489,08,00,B0,00,00,00,01,01,00,00,00,00,00,29,E0,2B,00,00,00,01
1490,08,00,B0,00,00,00,01,01,00,00,00,00,00,29,E0,2B,00,00,00,01
1491,08,00,B0,00,00,00,01,01,00,00,00,00,00,29,E0,2B,00,00,00,01
1492,08,00,B0,00,00,00,01,01,00,00,00,00,00,29,E0,2B,00,00,00,01
1493,08,00,B0,00,00,00,01,01,00,00,00,00,00,29,E0,2B,00,00,00,01
1494,08,00,B0,00,00,00,01,01,00,00,00,00,00,29,E0,2B,00,00,00,01
1495,08,00,B0,00,00,00,01,01,00,00,00,00,00,29,E0,2B,00,00,00,01
1496,08,00,B0,00,00,00,01,01,00,00,00,00,00,29,E0,2B,00,00,00,01
1497,08,00,B0,00,00,00,01,01,00,00,00,00,00,29,E0,2B,00,00,00,01
1498,08,00,B0,00,00,00,01,01,00,00,00,00,00,29,E0,2B,00,00,00,01
1499,08,00,B0,00,00,00,01,01,00,00,00,00,00,29,E0,2B,00,00,00,01
1500,08,00,B0,00,00,00,01,01,00,00,00,00,00,29,E0,2B,00,00,00,01
1501,08,00,B0,00,00,00,01,01,00,00,00,00,00,29,E0,2B,00,00,00,01
1502,08,00,B0,00,00,00,01,01,00,00,00,00,00,29,E0,2B,00,00,00,01
1503,08,00,B0,00,00,00,01,01,00,00,00,00,00,29,E0,2B,00,00,00,01
1504,08,00,B0,00,00,00,01,01,00,00,00,00,00,29,E0,2B,00,00,00,01
1505,08,00,B0,00,00,00,01,01,00,00,00,00,00,29,E0,2B,00,00,00,01
1506,08,00,B0,00,00,00,01,01,00,00,00,00,00,29,E0,2B,00,00,00,01
1507,08,00,B0,00,00,00,01,01,00,00,00,00,00,29,E0,2B,00,00,00,01
1508,08,00,B0,00,00,00,01,01,00,00,00,00,00,29,E0,2B,00,00,00,01
1509,08,00,B0,00,00,00,01,01,00,00,00,00,00,29,E0,2B,00,00,00,01
1510,08,00,B0,00,00,00,01,01,00,00,00,00,00,29,E0,2B,00,00,00,01
1511,08,00,B0,00,00,00,01,01,00,00,00,00,00,29,E0,2B,00,00,00,01
1512,08,00,B0,00,00,00,01,01,00,00,00,00,00,29,E0,2B,00,00,00,01
1513,08,00,B0,00,00,00,01,01,00,00,00,00,00,29,E0,2B,00,00,00,01
1514,08,00,B0,00,00,00,01,01,00,00,00,00,00,29,E0,2B,00,00,00,01
1515,08,00,B0,00,00,00,01,01,00,00,00,00,00,29,E0,2B,00,00,00,01
1516,08,00,B0,00,00,00,01,01,00,00,00,00,00,29,E0,2B,00,00,00,01
1517,08,00,B0,00,00,00,01,01,00,00,00,00,00,29,E0,2B,00,00,00,01
1518,08,00,B0,00,00,00,01,01,00,00,00,00,00,29,E0,2B,00,00,00,01
1519,08,00,B0,00,00,00,01,01,00,00,00,00,00,29,E0,2B,00,00,00,01
1520,08,00,B0,00,00,00,01,01,00,00,00,00,00,29,E0,2B,00,00,00,01
1521,08,00,B0,00,00,00,01,01,00,00,00,00,00,29,E0,2B,00,00,00,01
1522,08,00,B0,00,00,00,01,01,00,00,00,00,00,29,E0,2B,00,00,00,01
1523,08,00,B0,00,00,00,01,01,00,00,00,00,00,29,E0,2B,00,00,00,01
1524,08,00,B0,00,00,00,01,01,00,00,00,00,00,29,E0,2B,00,00,00,01
1525,08,00,B0,00,00,00,01,01,00,00,00,00,00,29,E0,2B,00,00,00,01
1526,08,00,B0,00,00,00,01,01,00,00,00,00,00,29,E0,2B,00,00,00,01
1527,08,00,B0,00,00,00,01,01,00,00,00,00,00,29,E0,2B,00,00,00,01
1528,08,00,B0,00,00,00,01,01,00,00,00,00,00,29,E0,2B,00,00,00,01
1529,08,00,B0,00,00,00,01,01,00,00,00,00,00,29,E0,2B,00,00,00,01
1530,08,00,B0,00,00,00,01,01,00,00,00,00,00,29,E0,2B,00,00,00,01
1531,08,00,B0,00,00,00,01,01,00,00,00,00,00,29,E0,2B,00,00,00,01
1532,08,00,B0,00,00,00,01,01,00,00,00,00,00,29,E0,2B,00,00,00,01
1533,08,00,B0,00,00,00,01,01,00,00,00,00,00,29,E0,2B,00,00,00,01
1534,08,00,B0,00,00,00,01,01,00,00,00,00,00,29,E0,2B,00,00,00,01
1535,08,00,B0,00,00,00,01,01,00,00,00,00,00,29,E0,2B,00,00,00,01
1536,08,00,B0,00,00,00,01,01,00,00,00,00,00,29,E0,2B,00,00,00,01
1537,08,00,B0,00,00,00,01,01,00,00,00,00,00,29,E0,2B,00,00,00,01
1538,08,00,B0,00,00,00,01,01,00,00,00,00,00,29,E0,2B,00,00,00,01
1539,08,00,B0,00,00,00,01,01,00,00,00,00,00,29,E0,2B,00,00,00,01
1540,08,00,B0,00,00,00,01,01,00,00,00,00,00,29,E0,2B,00,00,00,01
1541,08,00,B0,00,00,00,01,01,00,00,00,00,00,29,E0,2B,00,00,00,01
1542,08,00,B0,00,00,00,01,01,00,00,00,00,00,29,E0,2B,00,00,00,01
1543,08,00,B0,00,00,00,01,01,00,00,00,00,00,29,E0,2B,00,00,00,01
1544,08,00,B0,00,00,00,01,01,00,00,00,00,00,29,E0,2B,00,00,00,01
1545,08,00,B0,00,00,00,01,01,00,00,00,00,00,29,E0,2B,00,00,00,01
1546,08,00,B0,00,00,00,01,01,00,00,00,00,00,29,E0,2B,00,00,00,01
1547,08,00,B0,00,00,00,01,01,00,00,00,00,00,29,E0,2B,00,00,00,01
1548,08,00,B0,00,00,00,01,01,00,00,00,00,00,29,E0,2B,00,00,00,01
1549,08,00,B0,00,00,00,01,01,00,00,00,00,00,29,E0,2B,00,00,00,01
1550,08,00,B0,00,00,00,01,01,00,00,00,00,00,29,E0,2B,00,00,00,01
