frame,mode,target,person,tune0_request,native_song,xgm_owner
1,00,00,00,00,00,00
40,CD,00,00,00,00,00
42,CD,00,00,00,80,00
250,05,00,00,00,80,00
279,05,00,00,00,01,01
342,10,0B,00,80,01,01
343,10,0B,00,00,00,00
405,0B,0B,00,00,00,00
425,0B,0B,6A,00,00,00
452,0B,0B,6A,10,00,00
453,0B,0B,6A,00,00,00
458,0B,0B,6A,10,00,00
459,0B,0B,6A,00,00,00
464,0B,0B,6A,10,00,00
465,0B,0B,6A,00,00,00
470,0B,0B,6A,10,00,00
471,0B,0B,6A,00,00,00
476,0B,0B,6A,10,00,00
477,0B,0B,6A,00,00,00
482,0B,0B,6A,10,00,00
483,0B,0B,6A,00,00,00
488,0B,0B,6A,10,00,00
489,0B,0B,6A,00,00,00
494,0B,0B,6A,10,00,00
495,0B,0B,6A,00,00,00
500,0B,0B,6A,10,00,00
501,0B,0B,6A,00,00,00
506,0B,0B,6A,10,00,00
507,0B,0B,6A,00,00,00
512,0B,0B,6A,10,00,00
513,0B,0B,6A,00,00,00
518,0B,0B,6A,10,00,00
519,0B,0B,6A,00,00,00
524,0B,0B,6A,10,00,00
525,0B,0B,6A,00,00,00
530,0B,0B,6A,10,00,00
531,0B,0B,6A,00,00,00
536,0B,0B,6A,10,00,00
537,0B,0B,6A,00,00,00
542,0B,0B,6A,10,00,00
543,0B,0B,6A,00,00,00
548,0B,0B,6A,10,00,00
549,0B,0B,6A,00,00,00
554,0B,0B,6A,10,00,00
555,0B,0B,6A,00,00,00
560,0B,0B,6A,10,00,00
561,0B,0B,6A,00,00,00
566,0B,0B,6A,10,00,00
567,0B,0B,6A,00,00,00
572,0B,0B,6A,10,00,00
573,0B,0B,6A,00,00,00
578,0B,0B,6A,10,00,00
579,0B,0B,6A,00,00,00
584,0B,0B,6A,10,00,00
585,0B,0B,6A,00,00,00
590,0B,0B,6A,10,00,00
591,0B,0B,6A,00,00,00
596,0B,0B,6A,10,00,00
597,0B,0B,6A,00,00,00
602,0B,0B,6A,10,00,00
603,0B,0B,6A,00,00,00
608,0B,0B,6A,10,00,00
609,0B,0B,6A,00,00,00
614,0B,0B,6A,10,00,00
615,0B,0B,6A,00,00,00
620,0B,0B,6A,10,00,00
621,0B,0B,6A,00,00,00
626,0B,0B,6A,10,00,00
627,0B,0B,6A,00,00,00
632,0B,0B,6A,10,00,00
633,0B,0B,6A,00,00,00
638,0B,0B,6A,10,00,00
639,0B,0B,6A,00,00,00
644,0B,0B,6A,10,00,00
645,0B,0B,6A,00,00,00
650,0B,0B,6A,10,00,00
651,0B,0B,6A,00,00,00
656,0B,0B,6A,10,00,00
657,0B,0B,6A,00,00,00
662,0B,0B,6A,10,00,00
663,0B,0B,6A,00,00,00
668,0B,0B,6A,10,00,00
669,0B,0B,6A,00,00,00
775,0B,0B,6A,00,08,00
838,0B,0B,00,00,08,00
871,0B,0B,00,00,00,00
1079,0A,0B,00,00,00,00
1109,04,0B,00,00,00,00
1171,05,0B,00,00,00,00
1173,05,0B,00,00,01,01
