frame,brightness
5,0.0,
10,0.0,
15,0.9,
20,22.4,
25,22.4,
30,22.4,
35,22.4,
40,22.4,
45,22.4,
50,22.4,
55,22.4,
60,22.4,
65,22.4,
70,22.4,
75,22.4,
80,22.4,
85,22.4,
90,22.4,
95,22.4,
100,22.4,
105,22.4,
110,22.4,
115,22.4,
120,22.4,
125,22.4,
130,22.4,
135,22.4,
140,22.4,
145,22.4,
150,22.4,
155,22.4,
160,22.4,
165,22.4,
170,22.4,
175,22.4,
180,22.4,
185,22.4,
190,22.4,
195,22.4,
200,22.4,
205,22.4,
210,22.4,
215,22.4,
220,22.4,
225,22.4,
230,22.4,
235,22.4,
240,22.4,
245,22.4,
250,22.4,
255,22.4,
260,22.4,
265,22.4,
270,22.5,
275,22.5,
280,22.5,
285,22.7,
290,23.5,
295,24.1,
300,24.4,
305,24.3,
310,24.2,
315,24.3,
320,24.3,
325,24.3,
330,24.1,
335,23.8,
340,23.3,
345,23.2,
350,23.1,
355,23.1,
360,23.0,
365,23.0,
370,23.1,
375,23.0,
380,22.0,
385,21.3,
390,20.6,
395,20.5,
400,20.7,
405,20.6,
410,20.2,
415,20.0,
420,19.6,
425,19.6,
430,19.8,
435,19.7,
440,19.5,
445,18.9,
450,17.8,
455,17.6,
460,17.5,
465,17.5,
470,17.5,
475,17.0,
480,16.2,
485,16.1,
490,15.9,
495,16.1,
500,16.5,
505,16.2,
510,15.4,
515,14.9,
520,14.3,
525,14.8,
530,15.6,
535,15.9,
540,15.4,
545,14.7,
550,14.0,
555,14.2,
560,14.1,
565,14.0,
570,13.6,
575,12.9,
580,12.2,
585,12.1,
590,11.9,
595,12.1,
600,11.8,
605,11.1,
610,10.5,
615,10.1,
620,10.0,
625,10.4,
630,10.3,
635,10.0,
640,9.5,
645,9.0,
650,8.9,
655,9.0,
660,8.7,
665,8.8,
670,8.8,
675,8.8,
680,9.2,
685,9.2,
690,9.0,
695,9.1,
700,8.7,
705,8.4,
710,8.3,
715,8.1,
720,8.2,
725,8.3,
730,7.9,
735,7.4,
740,6.5,
745,6.2,
750,6.4,
755,6.6,
760,6.8,
765,7.1,
770,7.2,
775,7.3,
780,7.4,
785,7.3,
790,7.3,
795,7.6,
800,8.1,
805,8.5,
810,8.9,
815,8.8,
820,8.8,
825,8.8,
830,8.7,
835,8.8,
840,8.8,
845,8.8,
850,8.9,
855,8.8,
860,8.3,
865,8.1,
870,7.7,
875,7.6,
880,7.9,
885,8.0,
890,8.2,
895,8.5,
900,8.7,
905,8.8,
910,8.8,
915,8.7,
920,8.8,
925,9.2,
930,9.9,
935,10.5,
940,10.5,
945,10.1,
950,10.0,
955,10.0,
960,10.0,
965,10.0,
970,9.6,
975,9.1,
980,8.5,
985,8.3,
990,7.9,
995,7.9,
1000,7.6,
1005,7.6,
1010,7.9,
1015,7.9,
1020,8.1,
1025,8.4,
1030,8.4,
1035,8.5,
1040,8.6,
1045,8.4,
1050,8.7,
1055,9.0,
1060,9.3,
1065,9.7,
1070,9.5,
1075,9.3,
1080,9.2,
1085,9.0,
1090,8.9,
1095,8.9,
1100,8.8,
1105,8.8,
1110,8.9,
1115,8.5,
1120,8.2,
1125,7.9,
1130,7.7,
1135,7.8,
1140,7.9,
1145,7.9,
1150,8.2,
1155,8.2,
1160,8.3,
1165,8.4,
1170,8.3,
1175,8.3,
1180,8.7,
1185,8.9,
1190,9.6,
1195,9.8,
1200,9.6,
1205,9.7,
1210,9.6,
1215,9.3,
1220,9.3,
1225,9.2,
1230,9.2,
1235,9.3,
1240,9.1,
1245,8.6,
1250,8.1,
1255,7.7,
1260,7.7,
1265,7.8,
1270,7.7,
1275,7.7,
1280,7.9,
1285,8.0,
1290,8.3,
1295,8.5,
1300,8.5,
1305,8.7,
1310,8.7,
1315,8.6,
1320,8.8,
1325,8.9,
1330,9.4,
1335,9.8,
1340,9.9,
1345,10.0,
1350,10.4,
1355,10.5,
1360,10.6,
1365,10.6,
1370,9.9,
1375,9.3,
1380,8.5,
1385,8.2,
1390,8.2,
1395,8.3,
1400,8.2,
1405,8.2,
1410,8.3,
1415,8.2,
1420,8.3,
1425,8.3,
1430,8.3,
1435,8.5,
1440,8.7,
1445,8.7,
1450,8.7,
1455,8.6,
1460,8.5,
1465,8.4,
1470,8.8,
1475,9.3,
1480,9.9,
1485,10.3,
1490,10.8,
1495,11.0,
1500,10.8,
1505,10.4,
1510,10.0,
1515,10.0,
1520,10.0,
1525,10.0,
1530,10.0,
1535,10.0,
1540,10.0,
1545,10.0,
1550,9.9,
1555,10.0,
1560,10.0,
1565,10.0,
1570,10.3,
1575,10.4,
1580,10.6,
1585,10.8,
1590,10.7,
1595,10.7,
1600,10.5,
1605,10.4,
1610,10.5,
1615,10.8,
1620,11.2,
1625,11.5,
1630,10.9,
1635,10.4,
1640,10.2,
1645,9.9,
1650,9.6,
1655,9.6,
1660,9.5,
1665,9.5,
1670,9.6,
1675,9.5,
1680,9.6,
1685,9.6,
1690,9.5,
1695,9.7,
1700,9.9,
1705,9.9,
1710,10.3,
1715,10.4,
1720,10.6,
1725,10.6,
1730,10.3,
1735,10.2,
1740,10.3,
1745,10.4,
1750,11.0,
1755,11.2,
1760,11.3,
1765,11.6,
1770,11.4,
1775,10.9,
1780,10.5,
1785,10.1,
1790,9.4,
1795,9.2,
1800,8.8,
1805,8.7,
1810,8.9,
1815,8.8,
1820,8.8,
1825,8.9,
1830,8.7,
1835,8.8,
1840,9.0,
1845,9.1,
1850,9.4,
1855,9.5,
1860,9.6,
1865,9.9,
1870,9.9,
1875,9.7,
1880,9.7,
1885,9.6,
1890,9.9,
1895,10.2,
1900,10.5,
1905,11.0,
1910,11.7,
1915,11.3,
1920,10.5,
1925,10.0,
1930,9.4,
1935,9.0,
1940,8.5,
1945,8.4,
1950,8.4,
1955,8.4,
1960,8.4,
1965,8.4,
1970,8.4,
1975,8.4,
1980,8.5,
1985,8.6,
1990,8.9,
1995,9.2,
2000,9.4,
2005,9.6,
2010,9.7,
2015,9.5,
2020,9.3,
2025,9.1,
2030,9.1,
2035,9.3,
2040,9.5,
2045,9.8,
2050,10.2,
2055,10.5,
2060,10.2,
2065,9.8,
2070,9.4,
2075,9.4,
2080,9.4,
2085,9.4,
2090,9.4,
2095,9.4,
2100,9.4,
2105,9.4,
2110,9.4,
2115,9.4,
2120,9.4,
2125,9.5,
2130,9.8,
2135,9.9,
2140,10.0,
2145,10.0,
2150,9.9,
2155,9.8,
2160,9.6,
2165,9.4,
2170,9.6,
2175,10.0,
2180,10.8,
2185,11.0,
2190,10.8,
2195,10.6,
2200,10.6,
2205,10.4,
2210,10.0,
2215,9.9,
2220,9.9,
2225,9.9,
2230,9.9,
2235,9.9,
2240,9.9,
2245,9.9,
2250,9.9,
2255,9.9,
2260,9.9,
2265,9.9,
2270,10.1,
2275,10.3,
2280,10.6,
2285,10.6,
2290,10.5,
2295,10.5,
2300,10.4,
2305,10.2,
2310,10.0,
2315,10.2,
2320,10.9,
2325,11.3,
2330,11.6,
2335,11.3,
2340,11.0,
2345,10.8,
2350,10.1,
2355,9.7,
2360,9.4,
2365,9.3,
2370,9.3,
2375,9.4,
2380,9.3,
2385,9.3,
2390,9.3,
2395,9.3,
2400,9.6,
2405,9.8,
2410,10.1,
2415,10.3,
2420,10.5,
2425,10.6,
2430,10.4,
2435,10.1,
2440,9.9,
2445,10.1,
2450,10.4,
2455,10.9,
2460,11.2,
2465,11.4,
2470,11.9,
2475,11.7,
2480,11.4,
2485,11.2,
2490,10.8,
2495,10.5,
2500,10.1,
2505,10.0,
2510,10.0,
2515,10.0,
2520,10.0,
2525,10.0,
2530,10.0,
2535,10.0,
2540,10.1,
2545,10.2,
2550,10.4,
2555,10.7,
2560,10.9,
2565,11.0,
2570,11.2,
2575,11.0,
2580,10.8,
2585,10.6,
2590,10.7,
2595,11.0,
2600,11.3,
2605,11.4,
2610,11.7,
2615,11.7,
2620,11.0,
2625,10.6,
2630,10.0,
2635,9.8,
2640,9.4,
2645,9.2,
2650,9.1,
2655,9.1,
2660,9.1,
2665,9.1,
2670,9.1,
2675,9.1,
2680,9.0,
2685,9.1,
2690,9.3,
2695,9.5,
2700,9.8,
2705,10.0,
2710,10.1,
2715,10.1,
2720,9.7,
2725,9.6,
2730,9.5,
2735,9.6,
2740,10.1,
2745,10.2,
2750,10.3,
2755,10.3,
2760,10.1,
2765,9.6,
2770,8.9,
2775,8.6,
2780,8.6,
2785,8.6,
2790,8.6,
2795,8.6,
2800,8.6,
2805,8.6,
2810,8.6,
2815,8.6,
2820,8.6,
2825,8.6,
2830,9.0,
2835,9.2,
2840,9.5,
2845,9.5,
2850,9.1,
2855,8.9,
2860,8.7,
2865,8.4,
2870,8.3,
2875,8.3,
2880,8.3,
2885,8.4,
2890,8.2,
2895,8.0,
2900,8.1,
2905,8.1,
2910,8.1,
2915,8.1,
2920,8.2,
2925,8.5,
2930,9.0,
2935,9.2,
2940,9.3,
2945,9.4,
2950,9.2,
2955,9.3,
2960,9.3,
2965,9.2,
2970,9.3,
2975,9.3,
2980,9.3,
2985,9.3,
2990,9.3,
2995,9.3,
3000,9.3,
3005,9.3,
3010,9.3,
3015,9.3,
3020,9.3,
3025,9.3,
3030,9.3,
3035,9.3,
3040,9.3,
3045,9.3,
3050,9.3,
3055,9.3,
3060,9.3,
3065,9.3,
3070,9.3,
3075,9.3,
3080,9.3,
3085,9.3,
3090,9.3,
3095,9.3,
3100,9.3,
3105,9.3,
3110,9.3,
3115,9.3,
3120,9.3,
3125,9.3,
3130,9.3,
3135,9.3,
3140,9.3,
3145,9.3,
3150,9.3,
3155,9.3,
3160,9.2,
3165,9.3,
3170,9.2,
3175,8.9,
3180,8.9,
3185,8.5,
3190,8.3,
3195,8.2,
3200,8.1,
3205,8.2,
3210,8.3,
3215,7.9,
3220,7.6,
3225,7.2,
3230,7.0,
3235,6.9,
3240,6.8,
3245,6.7,
3250,6.7,
3255,6.7,
3260,6.7,
3265,6.7,
3270,6.7,
3275,6.7,
3280,6.7,
3285,6.7,
3290,6.7,
3295,6.7,
3300,6.7,
3305,6.7,
3310,6.7,
3315,6.5,
3320,6.4,
3325,6.1,
3330,5.9,
3335,5.8,
3340,5.7,
3345,5.7,
3350,5.8,
3355,5.7,
3360,5.4,
3365,4.8,
3370,4.5,
3375,4.4,
3380,4.4,
3385,4.4,
3390,4.4,
3395,4.4,
3400,4.4,
3405,4.4,
3410,4.4,
3415,4.4,
3420,4.4,
3425,4.4,
3430,4.4,
3435,4.4,
3440,4.4,
3445,4.4,
3450,4.4,
3455,4.2,
3460,3.9,
3465,3.6,
3470,3.5,
3475,3.5,
3480,3.5,
3485,3.5,
3490,3.5,
3495,3.5,
3500,3.5,
3505,3.5,
3510,3.6,
3515,3.5,
3520,3.2,
3525,2.7,
3530,2.4,
3535,2.0,
3540,1.7,
3545,1.3,
3550,1.0,
3555,0.6,
3560,0.3,
3565,0.0,
3570,0.0,
3575,0.0,
3580,0.0,
3585,0.0,
3590,0.0,
3595,0.0,
3600,0.0,
3605,0.0,
3610,0.0,
3615,0.0,
3620,0.0,
3625,0.0,
3630,0.0,
3635,0.0,
3640,0.0,
3645,0.0,
3650,0.0,
3655,0.0,
3660,0.0,
3665,0.0,
3670,0.0,
3675,0.0,
3680,0.0,
3685,0.0,
3690,0.0,
3695,0.0,
3700,0.0,
3705,0.0,
3710,0.0,
3715,0.0,
3720,0.0,
3725,0.0,
3730,0.0,
3735,0.0,
3740,0.0,
3745,0.0,
3750,0.0,
3755,0.0,
3760,0.0,
3765,0.0,
3770,0.0,
3775,0.0,
3780,0.0,
3785,0.0,
3790,0.0,
3795,0.0,
3800,0.0,
3805,0.0,
3810,0.0,
3815,0.0,
3820,0.0,
3825,0.0,
3830,0.0,
3835,0.0,
3840,0.0,
3845,0.0,
3850,0.0,
3855,0.0,
3860,0.0,
3865,0.0,
3870,0.0,
3875,0.0,
3880,0.0,
3885,0.0,
3890,0.0,
3895,0.0,
3900,0.0,
3905,0.0,
3910,0.0,
3915,0.0,
3920,0.0,
3925,0.0,
3930,0.0,
3935,0.0,
3940,0.0,
3945,0.0,
3950,0.0,
3955,0.0,
3960,0.0,
3965,0.0,
3970,0.0,
3975,0.0,
3980,0.0,
3985,0.0,
3990,0.0,
3995,0.0,
4000,0.0,
4005,0.0,
4010,0.0,
4015,0.0,
4020,0.0,
4025,0.0,
4030,0.0,
4035,0.0,
4040,0.0,
4045,0.0,
4050,0.0,
4055,0.0,
4060,0.0,
4065,0.0,
4070,0.0,
4075,0.0,
4080,0.0,
4085,0.0,
4090,0.0,
4095,0.0,
4100,0.0,
4105,0.0,
4110,22.4,
4115,22.4,
4120,22.4,
4125,22.4,
4130,22.4,
4135,22.4,
4140,22.4,
4145,22.4,
4150,22.4,
4155,22.4,
4160,22.4,
4165,22.4,
4170,22.4,
4175,22.4,
4180,22.4,
4185,22.4,
4190,22.4,
4195,22.4,
4200,22.4,
4205,22.4,
4210,22.4,
4215,22.4,
4220,22.4,
4225,22.4,
4230,22.4,
4235,22.4,
4240,22.4,
4245,22.4,
4250,22.4,
4255,22.4,
4260,22.4,
4265,22.4,
4270,22.4,
4275,22.4,
4280,22.4,
4285,22.4,
4290,22.4,
4295,22.4,
4300,22.4,
4305,22.4,
4310,22.4,
4315,22.4,
4320,22.4,
4325,22.4,
4330,22.4,
4335,22.4,
4340,22.4,
4345,22.4,
4350,22.4,
4355,22.4,
4360,22.4,
4365,22.5,
4370,22.5,
4375,22.5,
4380,22.7,
4385,23.5,
4390,24.1,
4395,24.4,
4400,24.3,
4405,24.2,
4410,24.3,
4415,24.3,
4420,24.3,
4425,24.1,
4430,23.8,
4435,23.3,
4440,23.2,
4445,23.1,
4450,23.1,
4455,23.0,
4460,23.0,
4465,23.1,
4470,23.0,
4475,22.0,
4480,21.3,
4485,20.6,
4490,20.5,
4495,20.7,
4500,20.6,
4505,20.2,
4510,20.0,
4515,19.6,
4520,19.6,
4525,19.8,
4530,19.7,
4535,19.5,
4540,18.9,
4545,17.8,
4550,17.6,
4555,17.5,
4560,17.5,
4565,17.5,
4570,17.0,
4575,16.2,
4580,16.1,
4585,15.9,
4590,16.1,
4595,16.5,
4600,16.2,
4605,15.4,
4610,14.9,
4615,14.3,
4620,14.8,
4625,15.6,
4630,15.9,
4635,15.4,
4640,14.7,
4645,14.0,
4650,14.2,
4655,14.1,
4660,14.0,
4665,13.6,
4670,12.9,
4675,12.2,
4680,12.1,
4685,11.9,
4690,12.1,
4695,11.8,
4700,11.1,
4705,10.5,
4710,10.1,
4715,10.0,
4720,10.4,
4725,10.3,
4730,10.0,
4735,9.5,
4740,9.0,
4745,8.9,
4750,9.0,
4755,8.7,
4760,8.8,
4765,8.8,
4770,8.8,
4775,9.2,
4780,9.2,
4785,9.0,
4790,9.1,
4795,8.7,
4800,8.4,
4805,8.3,
4810,8.1,
4815,8.2,
4820,8.3,
4825,7.9,
4830,7.4,
4835,6.5,
4840,6.2,
4845,6.4,
4850,6.6,
4855,6.8,
4860,7.1,
4865,7.2,
4870,7.3,
4875,7.4,
4880,7.3,
4885,7.3,
4890,7.6,
4895,8.1,
4900,8.5,
4905,8.9,
4910,8.8,
4915,8.8,
4920,8.8,
4925,8.7,
4930,8.8,
4935,8.8,
4940,8.8,
4945,8.9,
4950,8.8,
4955,8.3,
4960,8.1,
4965,7.7,
4970,7.6,
4975,7.9,
4980,8.0,
4985,8.2,
4990,8.5,
4995,8.7,
5000,8.8,
5005,8.8,
5010,8.7,
5015,8.8,
5020,9.2,
5025,9.9,
5030,10.5,
5035,10.5,
5040,10.1,
5045,10.0,
5050,10.0,
5055,10.0,
5060,10.0,
5065,9.6,
5070,9.1,
5075,8.5,
5080,8.3,
5085,7.9,
5090,7.9,
5095,7.6,
5100,7.6,
5105,7.9,
5110,7.9,
5115,8.1,
5120,8.4,
5125,8.4,
5130,8.5,
5135,8.6,
5140,8.4,
5145,8.7,
5150,9.0,
5155,9.3,
5160,9.7,
5165,9.5,
5170,9.3,
5175,9.2,
5180,9.0,
5185,8.9,
5190,8.9,
5195,8.8,
5200,8.8,
5205,8.9,
5210,8.5,
5215,8.2,
5220,7.9,
5225,7.7,
5230,7.8,
5235,7.9,
5240,7.9,
5245,8.2,
5250,8.2,
5255,8.3,
5260,8.4,
5265,8.3,
5270,8.3,
5275,8.7,
5280,8.9,
5285,9.6,
5290,9.8,
5295,9.6,
5300,9.7,
5305,9.6,
5310,9.3,
5315,9.3,
5320,9.2,
5325,9.2,
5330,9.3,
5335,9.1,
5340,8.6,
5345,8.1,
5350,7.7,
5355,7.7,
5360,7.8,
5365,7.7,
5370,7.7,
5375,7.9,
5380,8.0,
5385,8.3,
5390,8.5,
5395,8.5,
5400,8.7,
5405,8.7,
5410,8.6,
5415,8.8,
5420,8.9,
5425,9.4,
5430,9.8,
5435,9.9,
5440,10.0,
5445,10.4,
5450,10.5,
5455,10.6,
5460,10.6,
5465,9.9,
5470,9.3,
5475,8.5,
5480,8.2,
5485,8.2,
5490,8.3,
5495,8.2,
5500,8.2,
5505,8.3,
5510,8.2,
5515,8.3,
5520,8.3,
5525,8.3,
5530,8.5,
5535,8.7,
5540,8.7,
5545,8.7,
5550,8.6,
5555,8.5,
5560,8.4,
5565,8.8,
5570,9.3,
5575,9.9,
5580,10.3,
5585,10.8,
5590,11.0,
5595,10.8,
5600,10.4,
5605,10.0,
5610,10.0,
5615,10.0,
5620,10.0,
5625,10.0,
5630,10.0,
5635,10.0,
5640,10.0,
5645,9.9,
5650,10.0,
5655,10.0,
5660,10.0,
5665,10.3,
5670,10.4,
5675,10.6,
5680,10.8,
5685,10.7,
5690,10.7,
5695,10.5,
5700,10.4,
5705,10.5,
5710,10.8,
5715,11.2,
5720,11.5,
5725,10.9,
5730,10.4,
5735,10.2,
5740,9.9,
5745,9.6,
5750,9.6,
5755,9.5,
5760,9.5,
5765,9.6,
5770,9.5,
5775,9.6,
5780,9.6,
5785,9.5,
5790,9.7,
5795,9.9,
5800,9.9,
5805,10.3,
5810,10.4,
5815,10.6,
5820,10.6,
5825,10.3,
5830,10.2,
5835,10.3,
5840,10.4,
5845,11.0,
5850,11.2,
5855,11.3,
5860,11.6,
5865,11.4,
5870,10.9,
5875,10.5,
5880,10.1,
5885,9.4,
5890,9.2,
5895,8.8,
5900,8.7,
5905,8.9,
5910,8.8,
5915,8.8,
5920,8.9,
5925,8.7,
5930,8.8,
5935,9.0,
5940,9.1,
5945,9.4,
5950,9.5,
5955,9.6,
5960,9.9,
5965,9.9,
5970,9.7,
5975,9.7,
5980,9.6,
5985,9.9,
5990,10.2,
5995,10.5,
6000,11.0,
6005,11.7,
6010,11.3,
6015,10.5,
6020,10.0,
6025,9.4,
6030,9.0,
6035,8.5,
6040,8.4,
6045,8.4,
6050,8.4,
6055,8.4,
6060,8.4,
6065,8.4,
6070,8.4,
6075,8.5,
6080,8.6,
6085,8.9,
6090,9.2,
6095,9.4,
6100,9.6,
6105,9.7,
6110,9.5,
6115,9.3,
6120,9.1,
6125,9.1,
6130,9.3,
6135,9.5,
6140,9.8,
6145,10.2,
6150,10.5,
6155,10.2,
6160,9.8,
6165,9.4,
6170,9.4,
6175,9.4,
6180,9.4,
6185,9.4,
6190,9.4,
6195,9.4,
6200,9.4,
6205,9.4,
6210,9.4,
6215,9.4,
6220,9.5,
6225,9.8,
6230,9.9,
6235,10.0,
6240,10.0,
6245,9.9,
6250,9.8,
6255,9.6,
6260,9.4,
6265,9.6,
6270,10.0,
6275,10.8,
6280,11.0,
6285,10.8,
6290,10.6,
6295,10.6,
6300,10.4,
6305,10.0,
6310,9.9,
6315,9.9,
6320,9.9,
6325,9.9,
6330,9.9,
6335,9.9,
6340,9.9,
6345,9.9,
6350,9.9,
6355,9.9,
6360,9.9,
6365,10.1,
6370,10.3,
6375,10.6,
6380,10.6,
6385,10.5,
6390,10.5,
6395,10.4,
6400,10.2,
6405,10.0,
6410,10.2,
6415,10.9,
6420,11.3,
6425,11.6,
6430,11.3,
6435,11.0,
6440,10.8,
6445,10.1,
6450,9.7,
6455,9.4,
6460,9.3,
6465,9.3,
6470,9.4,
6475,9.3,
6480,9.3,
6485,9.3,
6490,9.3,
6495,9.6,
6500,9.8,
