curV,nextCurV,lineCounter,nextLineCounter,textIndex,nextTextIndex,attrIndex,nextAttrIndex,itemRow,nextItemRow,nesFrom,nesTo,genFrom,genTo,nesShiftY,genShiftY,nesRows,genRows,nesFirstRow,genFirstRow,nesLastRow,genLastRow,nesResidual,genResidual,classification
0,0,200,200,16,16,89,89,10,10,3123,3124,3183,3184,1,1,40,50,32,19,167,167,0.545,0.546,motion_mismatch
0,0,216,216,11,11,59,59,6,6,2643,2644,2703,2704,1,1,40,54,16,1,223,223,0.742,0.683,motion_mismatch
0,0,232,232,5,5,29,29,3,3,2163,2164,2223,2224,1,1,33,33,56,56,199,199,0.44,0.414,ok
0,1,200,201,16,16,89,89,10,10,3124,3125,3184,3185,0,0,49,37,8,27,216,223,0.543,0.395,motion_mismatch
0,1,216,217,11,11,59,59,6,6,2644,2645,2704,2705,0,0,48,55,0,1,200,208,0.981,0.834,motion_mismatch
0,1,232,233,5,5,29,29,3,3,2164,2165,2224,2225,0,0,33,33,104,112,184,192,0.453,0.427,ok
1,1,201,201,16,16,89,89,10,10,3125,3126,3185,3186,1,1,41,57,31,16,223,223,0.545,0.347,motion_mismatch
1,1,217,217,11,11,59,59,6,6,2645,2646,2705,2706,1,1,40,54,15,1,222,222,0.649,0.814,motion_mismatch
1,1,233,233,5,5,29,29,3,3,2165,2166,2225,2226,1,1,33,33,55,55,198,198,0.434,0.411,ok
1,2,201,202,16,16,89,89,10,10,3126,3127,3186,3187,0,0,49,51,7,15,215,223,0.543,0.568,ok
1,2,217,218,11,11,59,59,6,6,2646,2647,2706,2707,0,0,39,39,55,63,199,207,0.646,0.548,ok
1,2,233,234,5,5,29,29,3,3,2166,2167,2226,2227,0,0,33,33,103,111,183,191,0.432,0.409,ok
2,2,202,202,16,16,89,89,10,10,3127,3128,3187,3188,1,1,42,52,30,17,223,223,0.545,0.624,motion_mismatch
2,2,218,218,11,11,59,59,6,6,2647,2648,2707,2708,1,1,40,40,14,14,221,221,0.649,0.55,ok
2,2,234,234,5,5,29,29,3,3,2167,2168,2227,2228,1,1,33,33,54,54,197,197,0.434,0.411,ok
2,3,202,203,16,16,89,89,10,10,3128,3129,3188,3189,0,0,49,49,6,14,214,222,0.543,0.542,ok
2,3,218,219,11,11,59,59,6,6,2648,2649,2708,2709,0,0,39,39,54,62,198,206,0.646,0.548,ok
2,3,234,235,5,5,29,29,3,3,2168,2169,2228,2229,0,0,33,33,102,110,182,190,0.489,0.472,ok
3,3,203,203,16,16,89,89,10,10,3129,3130,3189,3190,1,1,43,49,29,16,223,223,0.545,0.477,motion_mismatch
3,3,219,219,11,11,59,59,6,6,2649,2650,2709,2710,1,1,40,40,13,13,220,220,0.649,0.55,ok
3,3,235,235,5,5,29,29,3,3,2169,2170,2229,2230,1,1,33,33,53,53,196,196,0.427,0.396,ok
3,4,203,204,16,16,89,89,10,10,3130,3131,3190,3191,0,0,49,49,5,13,213,221,0.543,0.48,ok
3,4,219,220,11,11,59,59,6,6,2650,2651,2710,2711,0,0,39,39,53,61,197,205,0.646,0.548,ok
3,4,235,236,5,5,29,29,3,3,2170,2171,2230,2231,0,0,33,33,101,109,181,189,0.425,0.395,ok
4,4,204,204,16,16,89,89,10,10,3131,3132,3191,3192,1,1,44,54,28,15,223,223,0.545,0.566,motion_mismatch
4,4,220,220,11,11,59,59,6,6,2651,2652,2711,2712,1,1,40,40,12,12,219,219,0.649,0.55,ok
4,4,236,236,5,5,29,29,3,3,2171,2172,2231,2232,1,1,33,33,52,52,195,195,0.427,0.396,ok
4,5,204,205,16,16,89,89,10,10,3132,3133,3192,3193,0,0,49,49,4,12,212,220,0.543,0.609,ok
4,5,220,221,11,11,59,59,6,6,2652,2653,2712,2713,0,0,39,39,52,60,196,204,0.646,0.548,ok
4,5,236,237,5,5,29,29,3,3,2172,2173,2232,2233,0,0,33,33,100,108,180,188,0.44,0.41,ok
5,5,205,205,16,16,89,89,10,10,3133,3134,3193,3194,1,1,45,52,27,14,223,223,0.545,0.511,motion_mismatch
5,5,221,221,11,11,59,59,6,6,2653,2654,2713,2714,1,1,40,40,11,11,218,218,0.649,0.55,ok
5,5,237,237,5,5,29,29,3,3,2173,2174,2233,2234,1,1,33,33,51,51,194,194,0.422,0.393,ok
5,6,205,206,16,16,89,89,10,10,3134,3135,3194,3195,0,0,49,49,3,11,211,219,0.543,0.459,ok
5,6,221,222,11,11,59,59,6,6,2654,2655,2714,2715,0,0,39,39,51,59,195,203,0.646,0.548,ok
5,6,237,238,5,5,29,29,3,3,2174,2175,2234,2235,0,0,33,33,99,107,179,187,0.42,0.391,ok
6,6,206,206,16,16,89,89,10,10,3135,3136,3195,3196,1,1,46,53,26,13,223,223,0.545,0.461,motion_mismatch
6,6,222,222,11,11,59,59,6,6,2655,2656,2715,2716,1,1,40,40,10,10,217,217,0.649,0.55,ok
6,6,238,238,5,5,29,29,3,3,2175,2176,2235,2236,1,1,33,33,50,50,193,193,0.422,0.393,ok
6,7,206,207,16,16,89,89,10,10,3136,3137,3196,3197,0,0,49,49,2,10,210,218,0.543,0.561,ok
6,7,222,223,11,11,59,59,6,6,2656,2657,2716,2717,0,0,39,39,50,58,194,202,0.646,0.548,ok
6,7,238,239,5,5,29,29,3,3,2176,2177,2236,2237,0,0,33,33,98,106,178,186,0.489,0.472,ok
7,7,207,207,16,16,89,89,10,10,3137,3138,3197,3198,1,1,47,56,25,12,223,223,0.545,0.557,motion_mismatch
7,7,223,223,11,11,59,59,6,6,2657,2658,2717,2718,1,1,40,40,9,9,216,216,0.649,0.55,ok
7,7,239,239,5,5,29,29,3,3,2177,2178,2237,2238,1,1,33,33,49,49,192,192,0.44,0.414,ok
7,8,207,208,16,17,89,90,10,10,3138,3139,3198,3199,0,0,49,49,1,9,209,217,0.543,0.465,ok
7,8,223,224,11,11,59,60,6,6,2658,2659,2718,2719,0,0,39,39,49,57,193,201,0.646,0.548,ok
7,8,239,240,5,5,29,30,3,3,2178,2179,2238,2239,0,0,33,33,97,105,177,185,0.438,0.412,ok
8,8,208,208,17,17,90,90,10,10,3139,3140,3199,3200,1,1,48,57,24,9,223,223,0.545,0.473,motion_mismatch
8,8,224,224,11,11,60,60,6,6,2659,2660,2719,2720,1,1,40,40,8,8,215,215,0.649,0.55,ok
8,8,240,240,5,5,30,30,3,3,2179,2180,2239,2240,1,1,33,33,48,48,191,191,0.44,0.414,ok
8,9,224,225,11,11,60,60,6,6,2660,2661,2720,2721,0,0,39,39,48,56,192,200,0.646,0.548,ok
8,9,240,241,5,5,30,30,3,3,2180,2181,2240,2241,0,0,33,33,96,104,176,184,0.453,0.427,ok
9,9,225,225,11,11,60,60,6,6,2661,2662,2721,2722,1,1,40,40,7,7,214,214,0.649,0.55,ok
9,9,241,241,5,5,30,30,3,3,2181,2182,2241,2242,1,1,33,33,47,47,190,190,0.434,0.411,ok
9,10,225,226,11,11,60,60,6,6,2662,2663,2722,2723,0,0,39,39,47,55,191,199,0.646,0.548,ok
9,10,241,242,5,5,30,30,3,3,2182,2183,2242,2243,0,0,34,33,95,103,223,183,0.447,0.409,ok
10,10,226,226,11,11,60,60,6,6,2663,2664,2723,2724,1,1,40,40,6,6,213,213,0.649,0.55,ok
10,10,242,242,5,5,30,30,3,3,2183,2184,2243,2244,1,1,33,33,46,46,189,189,0.449,0.411,ok
10,11,226,227,11,11,60,60,6,6,2664,2665,2724,2725,0,0,39,39,46,54,190,198,0.646,0.548,ok
10,11,242,243,5,5,30,30,3,3,2184,2185,2244,2245,0,0,35,33,94,102,223,182,0.518,0.472,ok
11,11,227,227,11,11,60,60,6,6,2665,2666,2725,2726,1,1,40,40,5,5,212,212,0.649,0.55,ok
11,11,243,243,5,5,30,30,3,3,2185,2186,2245,2246,1,1,33,33,45,45,188,188,0.456,0.396,ok
11,12,227,228,11,11,60,60,6,6,2666,2667,2726,2727,0,0,39,39,45,53,189,197,0.646,0.548,ok
11,12,243,244,5,5,30,30,3,3,2186,2187,2246,2247,0,0,36,33,93,101,223,181,0.468,0.395,ok
12,12,228,228,11,11,60,60,6,6,2667,2668,2727,2728,1,1,40,40,4,4,211,211,0.649,0.55,ok
12,12,244,244,5,5,30,30,3,3,2187,2188,2247,2248,1,1,33,33,44,44,187,187,0.471,0.396,ok
12,13,228,229,11,11,60,60,6,6,2668,2669,2728,2729,0,0,39,39,44,52,188,196,0.646,0.548,ok
12,13,244,245,5,5,30,30,3,3,2188,2189,2248,2249,0,0,37,33,92,100,223,180,0.515,0.41,ok
13,13,229,229,11,11,60,60,6,6,2669,2670,2729,2730,1,1,40,40,3,3,210,210,0.649,0.55,ok
13,13,245,245,5,5,30,30,3,3,2189,2190,2249,2250,1,1,33,33,43,43,186,186,0.497,0.393,ok
13,14,229,230,11,11,60,60,6,6,2670,2671,2730,2731,0,0,39,39,43,51,187,195,0.646,0.548,ok
13,14,245,246,5,5,30,30,3,3,2190,2191,2250,2251,0,0,38,33,91,99,223,179,0.518,0.391,motion_mismatch
14,14,230,230,11,11,60,60,6,6,2671,2672,2731,2732,1,1,40,40,2,2,209,209,0.649,0.55,ok
14,14,246,246,5,5,30,30,3,3,2191,2192,2251,2252,1,1,33,33,42,42,185,185,0.52,0.393,ok
14,15,230,231,11,11,60,60,6,6,2672,2673,2732,2733,0,0,39,39,42,50,186,194,0.646,0.548,ok
14,15,246,247,5,5,30,30,3,3,2192,2193,2252,2253,0,0,38,33,90,98,222,178,0.59,0.472,motion_mismatch
15,15,231,231,11,11,60,60,6,6,2673,2674,2733,2734,1,1,40,40,1,1,208,208,0.649,0.55,ok
15,15,247,247,5,5,30,30,3,3,2193,2194,2253,2254,1,1,33,33,41,41,184,184,0.54,0.414,ok
15,16,231,232,11,11,60,61,6,7,2674,2675,2734,2735,0,0,39,39,41,49,185,193,0.646,0.548,ok
15,16,247,248,5,5,30,31,3,3,2194,2195,2254,2255,0,0,38,33,89,97,221,177,0.537,0.412,motion_mismatch
16,16,232,232,11,11,61,61,7,7,2675,2676,2735,2736,1,1,40,40,0,0,207,207,0.649,0.55,ok
16,16,248,248,5,5,31,31,3,3,2195,2196,2255,2256,1,1,33,33,40,40,183,183,0.54,0.414,ok
16,17,232,233,11,11,61,61,7,7,2676,2677,2736,2737,0,0,39,31,40,58,184,192,0.646,0.39,motion_mismatch
16,17,248,249,5,5,31,31,3,3,2196,2197,2256,2257,0,0,38,39,88,96,220,182,0.552,1.413,ok
17,17,233,233,11,11,61,61,7,7,2677,2678,2737,2738,1,1,39,52,0,0,206,206,0.649,0.392,motion_mismatch
17,17,249,249,5,5,31,31,3,3,2197,2198,2257,2258,1,1,33,32,39,39,182,149,0.534,1.58,ok
17,18,233,234,11,11,61,61,7,7,2678,2679,2738,2739,0,0,39,39,39,47,183,191,0.646,0.548,ok
17,18,249,250,5,5,31,31,3,3,2198,2199,2258,2259,0,0,38,35,87,95,219,223,0.532,0.483,ok
18,18,234,234,11,11,61,61,7,7,2679,2680,2739,2740,1,1,38,38,0,0,205,205,0.649,0.55,ok
18,18,250,250,5,5,31,31,3,3,2199,2200,2259,2260,1,1,33,32,38,38,181,149,0.534,0.418,ok
18,19,234,235,11,11,61,61,7,7,2680,2681,2740,2741,0,0,39,39,38,46,182,190,0.646,0.548,ok
18,19,250,251,5,5,31,31,3,3,2200,2201,2260,2261,0,0,38,36,86,94,218,223,0.593,0.58,ok
19,19,235,235,11,11,61,61,7,7,2681,2682,2741,2742,1,1,37,37,0,0,204,204,0.649,0.55,ok
19,19,251,251,5,5,31,31,3,3,2201,2202,2261,2262,1,1,33,33,37,37,180,148,0.526,0.417,ok
19,20,235,236,11,11,61,61,7,7,2682,2683,2742,2743,0,0,39,39,37,45,181,189,0.646,0.548,ok
19,20,251,252,5,5,31,31,3,3,2202,2203,2262,2263,0,0,38,36,85,93,217,223,0.524,0.428,ok
20,20,236,236,11,11,61,61,7,7,2683,2684,2743,2744,1,1,36,36,0,0,203,203,0.649,0.55,ok
20,20,252,252,5,5,31,31,3,3,2203,2204,2263,2264,1,1,33,33,36,36,179,147,0.526,0.43,ok
20,21,236,237,11,11,61,61,7,7,2684,2685,2744,2745,0,0,39,39,36,44,180,188,0.646,0.548,ok
20,21,252,253,5,5,31,31,3,3,2204,2205,2264,2265,0,0,39,37,84,92,223,223,0.545,0.473,ok
21,21,237,237,11,11,61,61,7,7,2685,2686,2745,2746,1,1,35,35,0,0,202,202,0.649,0.55,ok
21,21,253,253,5,5,31,31,3,3,2205,2206,2265,2266,1,1,33,33,35,35,178,146,0.527,0.456,ok
21,22,237,238,11,11,61,61,7,7,2686,2687,2746,2747,0,0,39,39,35,43,179,187,0.646,0.548,ok
21,22,253,254,5,5,31,31,3,3,2206,2207,2266,2267,0,0,40,38,83,91,223,223,0.551,0.476,ok
22,22,238,238,11,11,61,61,7,7,2687,2688,2747,2748,1,1,34,34,0,0,201,201,0.649,0.55,ok
22,22,254,254,5,5,31,31,3,3,2207,2208,2267,2268,1,1,33,33,34,34,177,145,0.554,0.478,ok
22,23,238,239,11,11,61,61,7,7,2688,2689,2748,2749,0,0,39,39,34,42,178,186,0.646,0.548,ok
22,23,254,255,5,5,31,31,3,3,2208,2209,2268,2269,0,0,41,39,82,90,223,223,0.655,0.562,ok
23,23,239,239,11,11,61,61,7,7,2689,2690,2749,2750,1,1,33,33,0,0,200,200,0.649,0.55,ok
23,23,255,255,5,5,31,31,3,3,2209,2210,2269,2270,1,1,33,33,33,33,176,144,0.599,0.501,ok
23,24,239,240,11,11,61,62,7,7,2690,2691,2750,2751,0,0,39,39,33,41,177,185,0.646,0.548,ok
23,24,255,0,5,5,31,32,3,3,2210,2211,2270,2271,0,0,42,38,81,89,223,221,0.607,0.499,ok
24,24,0,0,5,5,32,32,3,3,2211,2212,2271,2272,1,1,33,32,32,32,175,143,0.61,1.522,ok
24,24,240,240,11,11,62,62,7,7,2691,2692,2751,2752,1,1,32,32,56,56,199,199,0.649,0.55,ok
24,25,0,1,5,5,32,32,3,3,2212,2213,2272,2273,0,0,43,45,80,88,223,220,0.633,1.531,ok
24,25,240,241,11,11,62,62,7,7,2692,2693,2752,2753,0,0,39,39,32,40,176,184,0.646,0.548,ok
25,25,1,1,5,5,32,32,3,3,2213,2214,2273,2274,1,1,33,33,31,31,174,142,0.616,0.497,ok
25,25,241,241,11,11,62,62,7,7,2693,2694,2753,2754,1,1,32,32,55,55,198,198,0.649,0.55,ok
25,26,1,2,5,5,32,32,3,3,2214,2215,2274,2275,0,0,44,38,79,87,223,219,0.624,0.495,motion_mismatch
25,26,241,242,11,11,62,62,7,7,2694,2695,2754,2755,0,0,40,39,31,39,223,183,0.65,0.548,ok
26,26,2,2,5,5,32,32,3,3,2215,2216,2275,2276,1,1,33,33,30,30,173,141,0.627,0.497,ok
26,26,242,242,11,11,62,62,7,7,2695,2696,2755,2756,1,1,32,32,54,54,197,197,0.653,0.55,ok
26,27,2,3,5,5,32,32,3,3,2216,2217,2276,2277,0,0,44,43,78,86,222,223,0.69,0.569,ok
26,27,242,243,11,11,62,62,7,7,2696,2697,2756,2757,0,0,41,39,30,38,223,182,0.655,0.548,ok
27,27,3,3,5,5,32,32,3,3,2217,2218,2277,2278,1,1,33,33,29,29,172,140,0.618,0.481,ok
27,27,243,243,11,11,62,62,7,7,2697,2698,2757,2758,1,1,32,32,53,53,196,196,0.658,0.55,ok
27,28,3,4,5,5,32,32,3,3,2218,2219,2278,2279,0,0,44,38,77,85,221,217,0.615,0.479,motion_mismatch
27,28,243,244,11,11,62,62,7,7,2698,2699,2758,2759,0,0,42,39,29,37,223,181,0.672,0.548,ok
28,28,4,4,5,5,32,32,3,3,2219,2220,2279,2280,1,1,33,33,28,28,171,139,0.618,0.481,ok
28,28,244,244,11,11,62,62,7,7,2699,2700,2759,2760,1,1,32,32,52,52,195,195,0.675,0.55,ok
28,29,4,5,5,5,32,32,3,3,2220,2221,2280,2281,0,0,44,39,76,84,220,223,0.63,0.501,motion_mismatch
28,29,244,245,11,11,62,62,7,7,2700,2701,2760,2761,0,0,42,39,28,36,222,180,0.672,0.548,ok
29,29,5,5,5,5,32,32,3,3,2221,2222,2281,2282,1,1,33,33,27,27,170,138,0.612,0.485,ok
29,29,245,245,11,11,62,62,7,7,2701,2702,2761,2762,1,1,32,32,51,51,194,194,0.675,0.55,ok
29,30,5,6,5,5,32,32,3,3,2222,2223,2282,2283,0,0,44,40,75,83,219,223,0.61,0.508,ok
29,30,245,246,11,11,62,62,7,7,2702,2703,2762,2763,0,0,43,39,27,35,223,179,0.685,0.548,ok
30,30,6,6,5,5,32,32,3,3,2223,2224,2283,2284,1,1,33,33,26,26,169,137,0.612,0.51,ok
30,30,246,246,11,11,62,62,7,7,2703,2704,2763,2764,1,1,32,32,50,50,193,193,0.688,0.55,ok
30,31,6,7,5,5,32,32,3,3,2224,2225,2284,2285,0,0,44,47,74,82,218,223,0.689,0.629,ok
30,31,246,247,11,11,62,62,7,7,2704,2705,2764,2765,0,0,43,39,26,34,222,178,0.685,0.548,ok
31,31,7,7,5,5,32,32,3,3,2225,2226,2285,2286,1,1,33,33,25,25,168,136,0.633,0.556,ok
31,31,247,247,11,11,62,62,7,7,2705,2706,2765,2766,1,1,32,32,49,49,192,192,0.688,0.55,ok
31,32,7,8,5,5,32,33,3,3,2226,2227,2286,2287,0,0,44,42,73,81,217,223,0.63,0.564,ok
31,32,247,248,11,11,62,63,7,7,2706,2707,2766,2767,0,0,44,39,25,33,223,177,0.7,0.548,motion_mismatch
32,32,8,8,5,5,33,33,3,3,2227,2228,2287,2288,1,1,33,32,24,24,167,135,0.633,1.588,ok
32,32,248,248,11,11,63,63,7,7,2707,2708,2767,2768,1,1,32,32,48,48,191,191,0.703,0.55,ok
32,33,8,9,5,5,33,33,3,3,2228,2229,2288,2289,0,0,44,50,72,80,216,223,0.645,1.606,motion_mismatch
32,33,248,249,11,11,63,63,7,7,2708,2709,2768,2769,0,0,45,39,24,32,223,176,0.711,0.548,motion_mismatch
33,33,9,9,5,5,33,33,3,3,2229,2230,2289,2290,1,1,34,34,23,23,223,223,0.627,0.573,ok
33,33,249,249,11,11,63,63,7,7,2709,2710,2769,2770,1,1,32,32,47,47,190,190,0.714,0.55,ok
33,34,9,10,5,5,33,33,3,3,2230,2231,2290,2291,0,0,44,44,71,79,215,223,0.624,0.577,ok
33,34,249,250,11,11,63,63,7,7,2710,2711,2770,2771,0,0,46,40,23,31,223,223,0.727,0.552,motion_mismatch
34,34,10,10,5,5,33,33,3,3,2231,2232,2291,2292,1,1,35,35,22,22,223,223,0.627,0.58,ok
34,34,250,250,11,11,63,63,7,7,2711,2712,2771,2772,1,1,32,32,46,46,189,189,0.73,0.554,ok
34,35,10,11,5,5,33,33,3,3,2232,2233,2292,2293,0,0,44,50,70,78,214,222,0.69,0.659,motion_mismatch
34,35,250,251,11,11,63,63,7,7,2712,2713,2772,2773,0,0,47,41,22,30,223,223,0.734,0.556,motion_mismatch
35,35,11,11,5,5,33,33,3,3,2233,2234,2293,2294,1,1,36,36,21,21,223,223,0.618,0.562,ok
35,35,251,251,11,11,63,63,7,7,2713,2714,2773,2774,1,1,32,34,45,30,188,188,0.738,0.557,ok
35,36,11,12,5,5,33,33,3,3,2234,2235,2294,2295,0,0,44,46,69,77,213,221,0.615,0.879,ok
35,36,251,252,11,11,63,63,7,7,2714,2715,2774,2775,0,0,48,42,21,29,223,223,0.746,0.577,motion_mismatch
36,36,12,12,5,5,33,33,3,3,2235,2236,2295,2296,1,1,37,37,20,20,223,223,0.618,0.883,ok
36,36,252,252,11,11,63,63,7,7,2715,2716,2775,2776,1,1,32,33,44,30,187,187,0.749,0.57,ok
36,37,12,13,5,5,33,33,3,3,2236,2237,2296,2297,0,0,44,45,68,76,212,220,0.63,0.753,ok
36,37,252,253,11,11,63,63,7,7,2716,2717,2776,2777,0,0,49,42,20,28,223,222,0.756,0.573,motion_mismatch
37,37,13,13,5,5,33,33,3,3,2237,2238,2297,2298,1,1,38,37,19,19,223,223,0.612,0.559,ok
37,37,253,253,11,11,63,63,7,7,2717,2718,2777,2778,1,1,32,32,43,43,186,186,0.76,0.575,ok
37,38,13,14,5,5,33,33,3,3,2238,2239,2298,2299,0,0,44,45,67,75,211,219,0.61,0.697,ok
37,38,253,254,11,11,63,63,7,7,2718,2719,2778,2779,0,0,50,43,19,27,223,223,0.768,0.587,motion_mismatch
38,38,14,14,5,5,33,33,3,3,2239,2240,2299,2300,1,1,39,37,18,18,223,223,0.612,0.559,ok
38,38,254,254,11,11,63,63,7,7,2719,2720,2779,2780,1,1,32,37,42,27,185,185,0.772,0.589,motion_mismatch
38,39,14,15,5,5,33,33,3,3,2240,2241,2300,2301,0,0,44,51,66,74,210,218,0.689,0.782,motion_mismatch
38,39,254,255,11,11,63,63,7,7,2720,2721,2780,2781,0,0,51,43,18,26,223,222,0.777,0.585,motion_mismatch
39,39,15,15,5,5,33,33,3,3,2241,2242,2301,2302,1,1,40,37,17,17,223,223,0.633,0.583,ok
39,39,255,255,11,11,63,63,7,7,2721,2722,2781,2782,1,1,32,32,41,41,184,184,0.781,0.588,ok
39,40,15,16,5,6,33,34,3,3,2242,2243,2302,2303,0,0,44,48,65,73,209,217,0.63,1.153,ok
39,40,255,0,11,11,63,64,7,7,2722,2723,2782,2783,0,0,52,44,17,25,223,223,0.79,0.581,motion_mismatch
40,40,0,0,11,11,64,64,7,7,2723,2724,2783,2784,1,1,32,39,40,25,183,183,0.793,0.589,motion_mismatch
40,40,16,16,6,6,34,34,3,3,2243,2244,2303,2304,1,1,41,39,16,16,223,223,0.633,2.793,ok
40,41,0,1,11,11,64,64,7,7,2724,2725,2784,2785,0,0,53,46,16,24,223,223,0.791,0.628,motion_mismatch
40,41,16,17,6,6,34,34,3,3,2244,2245,2304,2305,0,0,44,50,64,72,208,222,0.645,1.805,motion_mismatch
41,41,1,1,11,11,64,64,7,7,2725,2726,2785,2786,1,1,32,35,39,25,182,182,0.795,0.586,ok
41,41,17,17,6,6,34,34,3,3,2245,2246,2305,2306,1,1,41,51,15,15,222,222,0.627,1.873,motion_mismatch
41,42,1,2,11,11,64,64,7,7,2726,2727,2786,2787,0,0,54,46,15,23,223,223,0.796,0.613,motion_mismatch
41,42,17,18,6,6,34,34,3,3,2246,2247,2306,2307,0,0,44,45,63,71,207,215,0.624,0.71,ok
42,42,2,2,11,11,64,64,7,7,2727,2728,2787,2788,1,1,32,37,38,23,181,181,0.799,0.639,motion_mismatch
42,42,18,18,6,6,34,34,3,3,2247,2248,2307,2308,1,1,41,35,14,14,221,221,0.627,0.58,motion_mismatch
42,43,2,3,11,11,64,64,7,7,2728,2729,2788,2789,0,0,54,49,14,22,222,223,0.796,0.629,motion_mismatch
42,43,18,19,6,6,34,34,3,3,2248,2249,2308,2309,0,0,44,51,62,70,206,214,0.69,0.821,motion_mismatch
43,43,3,3,11,11,64,64,7,7,2729,2730,2789,2790,1,1,32,41,37,22,180,180,0.799,0.592,motion_mismatch
43,43,19,19,6,6,34,34,3,3,2249,2250,2309,2310,1,1,41,33,13,13,220,220,0.618,0.562,motion_mismatch
43,44,3,4,11,11,64,64,7,7,2730,2731,2790,2791,0,0,54,48,13,21,221,223,0.796,0.642,motion_mismatch
43,44,19,20,6,6,34,34,3,3,2250,2251,2310,2311,0,0,44,44,61,69,205,213,0.615,0.56,ok
44,44,4,4,11,11,64,64,7,7,2731,2732,2791,2792,1,1,32,35,36,21,179,179,0.799,0.65,ok
44,44,20,20,6,6,34,34,3,3,2251,2252,2311,2312,1,1,41,33,12,12,219,219,0.618,0.562,motion_mismatch
44,45,4,5,11,11,64,64,7,7,2732,2733,2792,2793,0,0,54,50,12,20,220,223,0.796,0.653,ok
44,45,20,21,6,6,34,34,3,3,2252,2253,2312,2313,0,0,44,44,60,68,204,212,0.63,0.575,ok
45,45,5,5,11,11,64,64,7,7,2733,2734,2793,2794,1,1,32,44,35,20,178,178,0.799,0.685,motion_mismatch
45,45,21,21,6,6,34,34,3,3,2253,2254,2313,2314,1,1,41,33,11,11,218,218,0.612,0.559,motion_mismatch
45,46,5,6,11,11,64,64,7,7,2734,2735,2794,2795,0,0,54,50,11,19,219,223,0.796,0.698,ok
45,46,21,22,6,6,34,34,3,3,2254,2255,2314,2315,0,0,44,44,59,67,203,211,0.61,0.556,ok
46,46,6,6,11,11,64,64,7,7,2735,2736,2795,2796,1,1,32,35,34,20,177,177,0.799,0.641,ok
46,46,22,22,6,6,34,34,3,3,2255,2256,2315,2316,1,1,41,33,10,10,217,217,0.612,0.559,motion_mismatch
46,47,6,7,11,11,64,64,7,7,2736,2737,2796,2797,0,0,54,52,10,18,218,223,0.796,0.682,ok
46,47,22,23,6,6,34,34,3,3,2256,2257,2316,2317,0,0,44,50,58,66,202,210,0.689,0.658,motion_mismatch
47,47,7,7,11,11,64,64,7,7,2737,2738,2797,2798,1,1,32,42,33,18,176,176,0.799,0.703,motion_mismatch
47,47,23,23,6,6,34,34,3,3,2257,2258,2317,2318,1,1,41,33,9,9,216,216,0.633,0.583,motion_mismatch
47,48,7,8,11,11,64,65,7,7,2738,2739,2798,2799,0,0,54,53,9,17,217,223,0.796,0.709,ok
47,48,23,24,6,6,34,35,3,3,2258,2259,2318,2319,0,0,44,44,57,65,201,209,0.63,0.58,ok
48,48,8,8,11,11,65,65,7,7,2739,2740,2799,2800,1,1,32,45,32,17,175,175,0.799,0.661,motion_mismatch
48,48,24,24,6,6,35,35,3,3,2259,2260,2319,2320,1,1,41,36,8,8,215,215,0.633,1.004,motion_mismatch
48,49,8,9,11,11,65,65,7,7,2740,2741,2800,2801,0,0,54,38,8,80,216,223,0.796,0.441,motion_mismatch
48,49,24,25,6,6,35,35,3,3,2260,2261,2320,2321,0,0,44,46,56,64,200,208,0.645,1.015,ok
49,49,9,9,11,11,65,65,7,7,2741,2742,2801,2802,1,1,33,47,31,16,223,223,0.799,0.496,motion_mismatch
49,49,25,25,6,6,35,35,3,3,2261,2262,2321,2322,1,1,41,33,7,7,214,214,0.627,0.58,motion_mismatch
49,50,9,10,11,11,65,65,7,7,2742,2743,2802,2803,0,0,54,56,7,15,215,223,0.796,0.717,ok
49,50,25,26,6,6,35,35,3,3,2262,2263,2322,2323,0,0,44,44,55,63,199,207,0.624,0.577,ok
50,50,10,10,11,11,65,65,7,7,2743,2744,2803,2804,1,1,34,47,30,15,223,223,0.799,0.703,motion_mismatch
50,50,26,26,6,6,35,35,3,3,2263,2264,2323,2324,1,1,41,33,6,6,213,213,0.627,0.58,motion_mismatch
50,51,10,11,11,11,65,65,7,7,2744,2745,2804,2805,0,0,54,54,6,14,214,222,0.796,0.701,ok
50,51,26,27,6,6,35,35,3,3,2264,2265,2324,2325,0,0,44,50,54,62,198,206,0.69,0.659,motion_mismatch
51,51,11,11,11,11,65,65,7,7,2745,2746,2805,2806,1,1,35,41,29,14,223,223,0.799,0.673,motion_mismatch
51,51,27,27,6,6,35,35,3,3,2265,2266,2325,2326,1,1,41,33,5,5,212,212,0.618,0.562,motion_mismatch
51,52,11,12,11,11,65,65,7,7,2746,2747,2806,2807,0,0,54,56,5,13,213,221,0.796,0.704,ok
51,52,27,28,6,6,35,35,3,3,2266,2267,2326,2327,0,0,44,44,53,61,197,205,0.615,0.56,ok
52,52,12,12,11,11,65,65,7,7,2747,2748,2807,2808,1,1,36,50,28,13,223,223,0.799,0.74,motion_mismatch
52,52,28,28,6,6,35,35,3,3,2267,2268,2327,2328,1,1,41,33,4,4,211,211,0.618,0.562,motion_mismatch
52,53,12,13,11,11,65,65,7,7,2748,2749,2808,2809,0,0,54,53,4,13,212,220,0.796,0.661,ok
52,53,28,29,6,6,35,35,3,3,2268,2269,2328,2329,0,0,44,44,52,60,196,204,0.63,0.575,ok
53,53,13,13,11,11,65,65,7,7,2749,2750,2809,2810,1,1,37,50,27,12,223,223,0.799,0.569,motion_mismatch
53,53,29,29,6,6,35,35,3,3,2269,2270,2329,2330,1,1,41,33,3,3,210,210,0.612,0.559,motion_mismatch
53,54,13,14,11,11,65,65,7,7,2750,2751,2810,2811,0,0,54,55,3,11,211,219,0.796,0.66,ok
53,54,29,30,6,6,35,35,3,3,2270,2271,2330,2331,0,0,44,44,51,59,195,203,0.61,0.556,ok
54,54,14,14,11,11,65,65,7,7,2751,2752,2811,2812,1,1,38,51,26,11,223,223,0.799,0.74,motion_mismatch
54,54,30,30,6,6,35,35,3,3,2271,2272,2331,2332,1,1,41,33,2,2,209,209,0.612,0.559,motion_mismatch
54,55,14,15,11,11,65,65,7,7,2752,2753,2812,2813,0,0,54,54,2,10,210,218,0.796,0.715,ok
54,55,30,31,6,6,35,35,3,3,2272,2273,2332,2333,0,0,44,50,50,58,194,202,0.689,0.658,motion_mismatch
55,55,15,15,11,11,65,65,7,7,2753,2754,2813,2814,1,1,39,52,25,10,223,223,0.799,0.636,motion_mismatch
55,55,31,31,6,6,35,35,3,3,2273,2274,2333,2334,1,1,41,33,1,1,208,208,0.633,0.583,motion_mismatch
55,56,15,16,11,12,65,66,7,7,2754,2755,2814,2815,0,0,54,54,1,9,209,217,0.796,0.627,ok
55,56,31,32,6,6,35,36,3,3,2274,2275,2334,2335,0,0,44,44,49,57,193,201,0.63,0.58,ok
56,56,16,16,12,12,66,66,7,7,2755,2756,2815,2816,1,1,40,49,24,9,223,223,0.799,0.668,motion_mismatch
56,56,32,32,6,6,36,36,3,3,2275,2276,2335,2336,1,1,41,40,0,0,207,207,0.633,1.579,ok
56,57,16,17,12,12,66,66,7,7,2756,2757,2816,2817,0,0,54,55,0,8,208,216,0.796,0.715,ok
56,57,32,33,6,6,36,36,3,3,2276,2277,2336,2337,0,0,44,50,48,56,192,200,0.645,1.588,motion_mismatch
57,57,17,17,12,12,66,66,7,7,2757,2758,2817,2818,1,1,41,54,23,8,223,223,0.776,0.654,motion_mismatch
57,57,33,33,6,6,36,36,3,3,2277,2278,2337,2338,1,1,40,32,0,0,206,206,0.627,0.58,motion_mismatch
57,58,17,18,12,12,66,66,7,7,2758,2759,2818,2819,0,0,53,54,0,8,207,215,0.773,0.577,ok
57,58,33,34,6,6,36,36,3,3,2278,2279,2338,2339,0,0,44,44,47,55,191,199,0.624,0.577,ok
58,58,18,18,12,12,66,66,7,7,2759,2760,2819,2820,1,1,42,56,22,7,223,223,0.758,0.566,motion_mismatch
58,58,34,34,6,6,36,36,3,3,2279,2280,2339,2340,1,1,39,31,0,0,205,205,0.627,0.58,motion_mismatch
58,59,18,19,12,12,66,66,7,7,2760,2761,2820,2821,0,0,52,54,0,6,206,214,0.755,0.664,ok
58,59,34,35,6,6,36,36,3,3,2280,2281,2340,2341,0,0,44,50,46,54,190,198,0.69,0.659,motion_mismatch
59,59,19,19,12,12,66,66,7,7,2761,2762,2821,2822,1,1,43,56,21,6,223,223,0.727,0.703,motion_mismatch
59,59,35,35,6,6,36,36,3,3,2281,2282,2341,2342,1,1,38,30,0,0,204,204,0.618,0.562,motion_mismatch
59,60,19,20,12,12,66,66,7,7,2762,2763,2822,2823,0,0,51,53,0,6,205,213,0.723,0.616,ok
59,60,35,36,6,6,36,36,3,3,2282,2283,2342,2343,0,0,44,44,45,53,189,197,0.615,0.56,ok
60,60,20,20,12,12,66,66,7,7,2763,2764,2823,2824,1,1,44,59,20,5,223,223,0.713,0.575,motion_mismatch
60,60,36,36,6,6,36,36,3,3,2283,2284,2343,2344,1,1,37,29,0,0,203,203,0.618,0.562,motion_mismatch
60,61,20,21,12,12,66,66,7,7,2764,2765,2824,2825,0,0,50,55,0,4,204,212,0.71,0.62,motion_mismatch
60,61,36,37,6,6,36,36,3,3,2284,2285,2344,2345,0,0,44,44,44,52,188,196,0.63,0.575,ok
61,61,21,21,12,12,66,66,7,7,2765,2766,2825,2826,1,1,45,58,19,4,223,223,0.709,0.663,motion_mismatch
61,61,37,37,6,6,36,36,3,3,2285,2286,2345,2346,1,1,36,28,0,0,202,202,0.612,0.559,motion_mismatch
61,62,21,22,12,12,66,66,7,7,2766,2767,2826,2827,0,0,49,53,1,4,203,211,0.706,0.661,ok
61,62,37,38,6,6,36,36,3,3,2286,2287,2346,2347,0,0,44,44,43,51,187,195,0.61,0.556,ok
62,62,22,22,12,12,66,66,7,7,2767,2768,2827,2828,1,1,46,60,18,3,223,223,0.709,0.595,motion_mismatch
62,62,38,38,6,6,36,36,3,3,2287,2288,2347,2348,1,1,35,27,0,0,201,201,0.612,0.559,motion_mismatch
62,63,22,23,12,12,66,66,7,7,2768,2769,2828,2829,0,0,49,53,0,5,202,210,0.706,0.585,ok
62,63,38,39,6,6,36,36,3,3,2288,2289,2348,2349,0,0,44,50,42,50,186,194,0.689,0.658,motion_mismatch
63,63,23,23,12,12,66,66,7,7,2769,2770,2829,2830,1,1,47,61,17,2,223,223,0.691,0.545,motion_mismatch
63,63,39,39,6,6,36,36,3,3,2289,2290,2349,2350,1,1,34,26,0,0,200,200,0.633,0.583,motion_mismatch
63,64,23,24,12,13,66,67,7,7,2770,2771,2830,2831,0,0,48,54,0,1,201,209,0.688,0.631,motion_mismatch
63,64,39,40,6,6,36,37,3,4,2290,2291,2350,2351,0,0,44,44,41,49,185,193,0.63,0.74,ok
64,64,24,24,13,13,67,67,7,7,2771,2772,2831,2832,1,1,48,61,16,1,223,223,0.638,0.636,motion_mismatch
64,64,40,40,6,6,37,37,4,4,2291,2292,2351,2352,1,1,33,32,0,0,199,199,0.633,1.431,ok
64,65,24,25,13,13,67,67,7,7,2772,2773,2832,2833,0,0,48,55,0,1,200,208,0.826,0.634,motion_mismatch
64,65,40,41,6,6,37,37,4,4,2292,2293,2352,2353,0,0,44,47,40,48,184,192,0.645,1.025,ok
65,65,25,25,13,13,67,67,7,7,2773,2774,2833,2834,1,1,48,62,15,1,222,222,0.492,0.712,motion_mismatch
65,65,41,41,6,6,37,37,4,4,2293,2294,2353,2354,1,1,32,29,63,63,198,198,0.627,0.585,ok
65,66,25,26,13,13,67,67,7,7,2774,2775,2834,2835,0,0,39,39,55,63,199,207,0.49,0.446,ok
65,66,41,42,6,6,37,37,4,4,2294,2295,2354,2355,0,0,44,47,39,47,183,191,0.624,1.006,ok
66,66,26,26,13,13,67,67,7,7,2775,2776,2835,2836,1,1,48,48,14,14,221,221,0.492,0.448,ok
66,66,42,42,6,6,37,37,4,4,2295,2296,2355,2356,1,1,32,32,62,62,197,197,0.627,0.881,ok
66,67,26,27,13,13,67,67,7,7,2776,2777,2836,2837,0,0,39,39,54,62,198,206,0.49,0.446,ok
66,67,42,43,6,6,37,37,4,4,2296,2297,2356,2357,0,0,44,51,38,46,182,190,0.69,0.798,motion_mismatch
67,67,27,27,13,13,67,67,7,7,2777,2778,2837,2838,1,1,48,48,13,13,220,220,0.492,0.448,ok
67,67,43,43,6,6,37,37,4,4,2297,2298,2357,2358,1,1,32,31,61,61,196,196,0.618,0.568,ok
67,68,27,28,13,13,67,67,7,7,2778,2779,2838,2839,0,0,39,39,53,61,197,205,0.49,0.446,ok
67,68,43,44,6,6,37,37,4,4,2298,2299,2358,2359,0,0,44,45,37,45,181,189,0.615,0.728,ok
68,68,28,28,13,13,67,67,7,7,2779,2780,2839,2840,1,1,48,48,12,12,219,219,0.492,0.448,ok
68,68,44,44,6,6,37,37,4,4,2299,2300,2359,2360,1,1,32,32,60,60,195,195,0.618,0.568,ok
68,69,28,29,13,13,67,67,7,7,2780,2781,2840,2841,0,0,39,39,52,60,196,204,0.49,0.446,ok
68,69,44,45,6,6,37,37,4,4,2300,2301,2360,2361,0,0,44,44,36,44,180,188,0.63,0.581,ok
69,69,29,29,13,13,67,67,7,7,2781,2782,2841,2842,1,1,48,48,11,11,218,218,0.492,0.448,ok
69,69,45,45,6,6,37,37,4,4,2301,2302,2361,2362,1,1,32,32,59,59,194,194,0.612,0.565,ok
69,70,29,30,13,13,67,67,7,7,2782,2783,2842,2843,0,0,39,39,51,59,195,203,0.49,0.446,ok
69,70,45,46,6,6,37,37,4,4,2302,2303,2362,2363,0,0,44,44,35,43,179,187,0.61,0.562,ok
70,70,30,30,13,13,67,67,7,7,2783,2784,2843,2844,1,1,48,48,10,10,217,217,0.492,0.448,ok
70,70,46,46,6,6,37,37,4,4,2303,2304,2363,2364,1,1,32,32,58,58,193,193,0.612,0.565,ok
70,71,30,31,13,13,67,67,7,7,2784,2785,2844,2845,0,0,39,39,50,58,194,202,0.49,0.446,ok
70,71,46,47,6,6,37,37,4,4,2304,2305,2364,2365,0,0,44,50,34,42,178,186,0.689,0.664,motion_mismatch
71,71,31,31,13,13,67,67,7,7,2785,2786,2845,2846,1,1,48,48,9,9,216,216,0.492,0.448,ok
71,71,47,47,6,6,37,37,4,4,2305,2306,2365,2366,1,1,32,32,57,57,192,192,0.633,0.589,ok
71,72,31,32,13,13,67,68,7,7,2786,2787,2846,2847,0,0,39,39,49,57,193,201,0.49,0.446,ok
71,72,47,48,6,6,37,38,4,4,2306,2307,2366,2367,0,0,44,44,33,41,177,185,0.63,0.586,ok
72,72,32,32,13,13,68,68,7,7,2787,2788,2847,2848,1,1,48,48,8,8,215,215,0.492,0.448,ok
72,72,48,48,6,6,38,38,4,4,2307,2308,2367,2368,1,1,32,32,56,56,191,191,0.633,0.589,ok
72,73,32,33,13,13,68,68,7,7,2788,2789,2848,2849,0,0,39,39,48,56,192,200,0.49,0.446,ok
72,73,48,49,6,6,38,38,4,4,2308,2309,2368,2369,0,0,44,44,32,40,176,184,0.645,0.601,ok
73,73,33,33,13,13,68,68,7,7,2789,2790,2849,2850,1,1,48,48,7,7,214,214,0.492,0.448,ok
73,73,49,49,6,6,38,38,4,4,2309,2310,2369,2370,1,1,32,32,55,55,190,190,0.627,0.585,ok
73,74,33,34,13,13,68,68,7,7,2790,2791,2850,2851,0,0,39,39,47,55,191,199,0.49,0.446,ok
73,74,49,50,6,6,38,38,4,4,2310,2311,2370,2371,0,0,45,44,31,39,223,183,0.647,0.583,ok
74,74,34,34,13,13,68,68,7,7,2791,2792,2851,2852,1,1,48,48,6,6,213,213,0.492,0.448,ok
74,74,50,50,6,6,38,38,4,4,2311,2312,2371,2372,1,1,32,32,54,54,189,189,0.65,0.585,ok
74,75,34,35,13,13,68,68,7,7,2792,2793,2852,2853,0,0,39,39,46,54,190,198,0.49,0.446,ok
74,75,50,51,6,6,38,38,4,4,2312,2313,2372,2373,0,0,46,50,30,38,223,182,0.731,0.665,ok
75,75,35,35,13,13,68,68,7,7,2793,2794,2853,2854,1,1,48,48,5,5,212,212,0.492,0.448,ok
75,75,51,51,6,6,38,38,4,4,2313,2314,2373,2374,1,1,32,32,53,53,188,188,0.659,0.568,ok
75,76,35,36,13,13,68,68,7,7,2794,2795,2854,2855,0,0,39,39,45,53,189,197,0.49,0.446,ok
75,76,51,52,6,6,38,38,4,4,2314,2315,2374,2375,0,0,47,44,29,37,223,181,0.687,0.566,ok
76,76,36,36,13,13,68,68,7,7,2795,2796,2855,2856,1,1,48,48,4,4,211,211,0.492,0.448,ok
76,76,52,52,6,6,38,38,4,4,2315,2316,2375,2376,1,1,32,32,52,52,187,187,0.69,0.568,ok
76,77,36,37,13,13,68,68,7,7,2796,2797,2856,2857,0,0,39,39,44,52,188,196,0.49,0.446,ok
76,77,52,53,6,6,38,38,4,4,2316,2317,2376,2377,0,0,48,44,28,36,223,180,0.716,0.581,ok
77,77,37,37,13,13,68,68,7,7,2797,2798,2857,2858,1,1,48,48,3,3,210,210,0.492,0.448,ok
77,77,53,53,6,6,38,38,4,4,2317,2318,2377,2378,1,1,32,32,51,51,186,186,0.698,0.565,ok
77,78,37,38,13,13,68,68,7,7,2798,2799,2858,2859,0,0,39,39,43,51,187,195,0.49,0.446,ok
77,78,53,54,6,6,38,38,4,4,2318,2319,2378,2379,0,0,49,44,27,35,223,179,0.7,0.562,motion_mismatch
78,78,38,38,13,13,68,68,7,7,2799,2800,2859,2860,1,1,48,48,2,2,209,209,0.492,0.448,ok
78,78,54,54,6,6,38,38,4,4,2319,2320,2379,2380,1,1,32,32,50,50,185,185,0.703,0.565,ok
78,79,38,39,13,13,68,68,7,7,2800,2801,2860,2861,0,0,39,39,42,50,186,194,0.49,0.446,ok
78,79,54,55,6,6,38,38,4,4,2320,2321,2380,2381,0,0,49,50,26,34,222,178,0.779,0.664,ok
79,79,39,39,13,13,68,68,7,7,2801,2802,2861,2862,1,1,48,48,1,1,208,208,0.492,0.448,ok
79,79,55,55,6,6,38,38,4,4,2321,2322,2381,2382,1,1,32,32,49,49,184,184,0.723,0.589,ok
79,80,39,40,13,13,68,69,7,8,2802,2803,2862,2863,0,0,39,39,41,49,185,193,0.49,0.446,ok
79,80,55,56,6,6,38,39,4,4,2322,2323,2382,2383,0,0,50,44,25,33,223,177,0.738,0.586,motion_mismatch
80,80,40,40,13,13,69,69,8,8,2803,2804,2863,2864,1,1,48,48,0,0,207,207,0.492,0.448,ok
80,80,56,56,6,6,39,39,4,4,2323,2324,2383,2384,1,1,32,38,48,48,183,214,0.741,3.032,motion_mismatch
80,81,40,41,13,13,69,69,8,8,2804,2805,2864,2865,0,0,39,23,40,112,184,192,0.49,0.248,motion_mismatch
80,81,56,57,6,6,39,39,4,4,2324,2325,2384,2385,0,0,51,35,24,96,223,214,0.806,1.665,motion_mismatch
81,81,41,41,13,13,69,69,8,8,2805,2806,2865,2866,1,1,47,61,0,0,206,206,0.492,0.249,motion_mismatch
81,81,57,57,6,6,39,39,4,4,2325,2326,2385,2386,1,1,32,46,47,32,182,181,0.789,1.638,motion_mismatch
81,82,41,42,13,13,69,69,8,8,2806,2807,2866,2867,0,0,39,39,39,47,183,191,0.49,0.446,ok
81,82,57,58,6,6,39,39,4,4,2326,2327,2386,2387,0,0,51,45,23,31,222,223,0.785,0.594,motion_mismatch
82,82,42,42,13,13,69,69,8,8,2807,2808,2867,2868,1,1,46,46,0,0,205,205,0.492,0.448,ok
82,82,58,58,6,6,39,39,4,4,2327,2328,2387,2388,1,1,32,33,46,33,181,181,0.789,0.596,ok
82,83,42,43,13,13,69,69,8,8,2808,2809,2868,2869,0,0,39,39,38,46,182,190,0.49,0.446,ok
82,83,58,59,6,6,39,39,4,4,2328,2329,2388,2389,0,0,52,52,22,30,223,223,0.864,0.703,ok
83,83,43,43,13,13,69,69,8,8,2809,2810,2869,2870,1,1,45,45,0,0,204,204,0.492,0.448,ok
83,83,59,59,6,6,39,39,4,4,2329,2330,2389,2390,1,1,32,32,45,45,180,180,0.792,0.606,ok
83,84,43,44,13,13,69,69,8,8,2810,2811,2870,2871,0,0,39,39,37,45,181,189,0.49,0.446,ok
83,84,59,60,6,6,39,39,4,4,2330,2331,2390,2391,0,0,53,47,21,29,223,223,0.792,0.624,motion_mismatch
84,84,44,44,13,13,69,69,8,8,2811,2812,2871,2872,1,1,44,44,0,0,203,203,0.492,0.448,ok
84,84,60,60,6,6,39,39,4,4,2331,2332,2391,2392,1,1,32,35,44,31,179,179,0.796,0.627,ok
84,85,44,45,13,13,69,69,8,8,2812,2813,2872,2873,0,0,39,39,36,44,180,188,0.49,0.446,ok
84,85,60,61,6,6,39,39,4,4,2332,2333,2392,2393,0,0,54,48,20,28,223,223,0.814,0.66,motion_mismatch
85,85,45,45,13,13,69,69,8,8,2813,2814,2873,2874,1,1,43,43,0,0,202,202,0.492,0.448,ok
85,85,61,61,6,6,39,39,4,4,2333,2334,2393,2394,1,1,32,33,43,30,178,178,0.797,0.645,ok
85,86,45,46,13,13,69,69,8,8,2814,2815,2874,2875,0,0,39,39,35,43,179,187,0.49,0.446,ok
85,86,61,62,6,6,39,39,4,4,2334,2335,2394,2395,0,0,55,49,19,27,223,223,0.801,0.658,motion_mismatch
86,86,46,46,13,13,69,69,8,8,2815,2816,2875,2876,1,1,42,42,0,0,201,201,0.492,0.448,ok
86,86,62,62,6,6,39,39,4,4,2335,2336,2395,2396,1,1,32,37,42,29,177,177,0.804,0.651,motion_mismatch
86,87,46,47,13,13,69,69,8,8,2816,2817,2876,2877,0,0,39,39,34,42,178,186,0.49,0.446,ok
86,87,62,63,6,6,39,39,4,4,2336,2337,2396,2397,0,0,56,55,18,26,223,222,0.897,0.747,ok
87,87,47,47,13,13,69,69,8,8,2817,2818,2877,2878,1,1,41,41,0,0,200,200,0.492,0.448,ok
87,87,63,63,6,6,39,39,4,4,2337,2338,2397,2398,1,1,32,35,41,28,176,176,0.842,0.686,ok
87,88,47,48,13,13,69,70,8,8,2818,2819,2878,2879,0,0,39,39,33,41,177,185,0.49,0.446,ok
87,88,63,64,6,6,39,40,4,4,2338,2339,2398,2399,0,0,57,50,17,25,223,223,0.865,0.714,motion_mismatch
88,88,48,48,13,13,70,70,8,8,2819,2820,2879,2880,1,1,40,40,56,56,199,199,0.492,0.448,ok
88,88,64,64,6,6,40,40,4,4,2339,2340,2399,2400,1,1,32,39,40,27,175,175,0.869,0.684,motion_mismatch
88,89,48,49,13,13,70,70,8,8,2820,2821,2880,2881,0,0,39,39,32,40,176,184,0.49,0.446,ok
88,89,64,65,6,6,40,40,4,4,2340,2341,2400,2401,0,0,58,51,16,24,223,223,0.898,0.742,motion_mismatch
89,89,49,49,13,13,70,70,8,8,2821,2822,2881,2882,1,1,40,40,55,55,198,198,0.492,0.448,ok
89,89,65,65,6,6,40,40,4,4,2341,2342,2401,2402,1,1,32,37,39,26,174,174,0.881,0.76,motion_mismatch
89,90,49,50,13,13,70,70,8,8,2822,2823,2882,2883,0,0,39,39,31,39,175,183,0.49,0.446,ok
89,90,65,66,6,6,40,40,4,4,2342,2343,2402,2403,0,0,59,51,15,23,223,222,0.93,0.764,motion_mismatch
90,90,50,50,13,13,70,70,8,8,2823,2824,2883,2884,1,1,40,40,54,54,197,197,0.492,0.448,ok
90,90,66,66,6,6,40,40,4,4,2343,2344,2403,2404,1,1,32,41,38,25,173,173,0.934,0.721,motion_mismatch
90,91,50,51,13,13,70,70,8,8,2824,2825,2884,2885,0,0,39,39,30,38,174,182,0.49,0.446,ok
90,91,66,67,6,6,40,40,4,4,2344,2345,2404,2405,0,0,59,58,14,22,222,223,0.996,0.818,ok
91,91,51,51,13,13,70,70,8,8,2825,2826,2885,2886,1,1,40,40,53,53,196,196,0.492,0.448,ok
91,91,67,67,6,6,40,40,4,4,2345,2346,2405,2406,1,1,32,39,37,24,172,172,0.925,0.755,motion_mismatch
91,92,51,52,13,13,70,70,8,8,2826,2827,2886,2887,0,0,39,39,29,37,173,181,0.49,0.446,ok
91,92,67,68,6,6,40,40,4,4,2346,2347,2406,2407,0,0,59,53,13,21,221,223,0.921,0.742,motion_mismatch
92,92,52,52,13,13,70,70,8,8,2827,2828,2887,2888,1,1,40,40,52,52,195,195,0.492,0.448,ok
92,92,68,68,6,6,40,40,4,4,2347,2348,2407,2408,1,1,32,43,36,23,171,171,0.925,0.701,motion_mismatch
92,93,52,53,13,13,70,70,8,8,2828,2829,2888,2889,0,0,39,39,28,36,172,180,0.49,0.446,ok
92,93,68,69,6,6,40,40,4,4,2348,2349,2408,2409,0,0,59,54,12,20,220,223,0.936,0.764,motion_mismatch
93,93,53,53,13,13,70,70,8,8,2829,2830,2889,2890,1,1,40,40,51,51,194,194,0.492,0.448,ok
93,93,69,69,6,6,40,40,4,4,2349,2350,2409,2410,1,1,32,41,35,22,170,170,0.92,0.766,motion_mismatch
93,94,53,54,13,13,70,70,8,8,2830,2831,2890,2891,0,0,40,39,27,35,223,179,0.506,0.446,ok
93,94,69,70,6,6,40,40,4,4,2350,2351,2410,2411,0,0,59,55,11,19,219,223,0.916,0.728,ok
94,94,54,54,13,13,70,70,8,8,2831,2832,2891,2892,1,1,40,40,50,50,193,193,0.508,0.448,ok
94,94,70,70,6,6,40,40,4,4,2351,2352,2411,2412,1,1,32,44,34,21,169,169,0.92,0.692,motion_mismatch
94,95,54,55,13,13,70,70,8,8,2832,2833,2892,2893,0,0,41,39,26,34,223,178,0.519,0.446,ok
94,95,70,71,6,6,40,40,4,4,2352,2353,2412,2413,0,0,59,62,10,18,218,223,0.995,0.885,ok
95,95,55,55,13,13,70,70,8,8,2833,2834,2893,2894,1,1,40,40,49,49,192,192,0.522,0.448,ok
95,95,71,71,6,6,40,40,4,4,2353,2354,2413,2414,1,1,32,43,33,20,168,168,0.94,0.814,motion_mismatch
95,96,55,56,13,13,70,71,8,8,2834,2835,2894,2895,0,0,42,39,25,33,223,177,0.537,0.446,ok
95,96,71,72,6,6,40,41,4,4,2354,2355,2414,2415,0,0,59,57,9,17,217,223,0.936,0.772,ok
96,96,56,56,13,13,71,71,8,8,2835,2836,2895,2896,1,1,40,40,48,48,191,191,0.54,0.448,ok
96,96,72,72,6,6,41,41,4,4,2355,2356,2415,2416,1,1,32,44,32,19,167,167,0.94,0.746,motion_mismatch
96,97,56,57,13,13,71,71,8,8,2836,2837,2896,2897,0,0,43,39,24,32,223,176,0.54,0.446,ok
96,97,72,73,6,6,41,41,4,4,2356,2357,2416,2417,0,0,59,58,8,16,216,223,0.951,0.878,ok
97,97,57,57,13,13,71,71,8,8,2837,2838,2897,2898,1,1,40,40,47,47,190,190,0.543,0.448,ok
97,97,73,73,6,6,41,41,4,4,2357,2358,2417,2418,1,1,33,45,31,18,223,223,0.934,0.857,motion_mismatch
97,98,57,58,13,13,71,71,8,8,2838,2839,2898,2899,0,0,43,39,23,31,222,175,0.54,0.446,ok
97,98,73,74,6,6,41,41,4,4,2358,2359,2418,2419,0,0,59,58,7,15,215,223,0.93,0.773,ok
98,98,58,58,13,13,71,71,8,8,2839,2840,2899,2900,1,1,40,42,46,31,189,189,0.543,0.452,ok
98,98,74,74,6,6,41,41,4,4,2359,2360,2419,2420,1,1,34,47,30,17,223,223,0.934,0.76,motion_mismatch
98,99,58,59,13,13,71,71,8,8,2840,2841,2900,2901,0,0,43,40,22,30,221,174,0.54,0.458,ok
98,99,74,75,6,6,41,41,4,4,2360,2361,2420,2421,0,0,59,65,6,14,214,222,0.996,0.954,motion_mismatch
99,99,59,59,13,13,71,71,8,8,2841,2842,2901,2902,1,1,40,41,45,31,188,188,0.543,0.439,ok
99,99,75,75,6,6,41,41,4,4,2361,2362,2421,2422,1,1,35,47,29,16,223,223,0.925,0.855,motion_mismatch
99,100,59,60,13,13,71,71,8,8,2842,2843,2902,2903,0,0,44,39,21,29,223,173,0.557,0.446,motion_mismatch
99,100,75,76,6,6,41,41,4,4,2362,2363,2422,2423,0,0,59,58,5,13,213,221,0.921,0.749,ok
100,100,60,60,13,13,71,71,8,8,2843,2844,2903,2904,1,1,40,40,44,44,187,187,0.559,0.448,ok
100,100,76,76,6,6,41,41,4,4,2363,2364,2423,2424,1,1,36,50,28,13,223,223,0.925,0.748,motion_mismatch
100,101,60,61,13,13,71,71,8,8,2844,2845,2904,2905,0,0,45,40,20,28,223,172,0.573,0.45,motion_mismatch
100,101,76,77,6,6,41,41,4,4,2364,2365,2424,2425,0,0,59,59,4,12,212,220,0.936,0.869,ok
101,101,61,61,13,13,71,71,8,8,2845,2846,2905,2906,1,1,40,45,43,28,186,186,0.576,0.452,motion_mismatch
101,101,77,77,6,6,41,41,4,4,2365,2366,2425,2426,1,1,37,49,27,14,223,223,0.92,0.854,motion_mismatch
101,102,61,62,13,13,71,71,8,8,2846,2847,2906,2907,0,0,46,40,19,27,223,223,0.592,0.461,motion_mismatch
101,102,77,78,6,6,41,41,4,4,2366,2367,2426,2427,0,0,59,56,3,12,211,219,0.916,0.726,ok
102,102,62,62,13,13,71,71,8,8,2847,2848,2907,2908,1,1,40,40,42,42,185,185,0.595,0.463,ok
102,102,78,78,6,6,41,41,4,4,2367,2368,2427,2428,1,1,38,53,26,11,223,223,0.92,0.729,motion_mismatch
102,103,62,63,13,13,71,71,8,8,2848,2849,2908,2909,0,0,46,42,18,26,222,223,0.592,0.47,ok
102,103,78,79,6,6,41,41,4,4,2368,2369,2428,2429,0,0,59,65,2,10,210,218,0.995,0.929,motion_mismatch
103,103,63,63,13,13,71,71,8,8,2849,2850,2909,2910,1,1,40,47,41,26,184,184,0.595,0.504,motion_mismatch
103,103,79,79,6,6,41,41,4,4,2369,2370,2429,2430,1,1,39,51,25,12,223,223,0.94,0.856,motion_mismatch
103,104,63,64,13,13,71,72,8,8,2850,2851,2910,2911,0,0,46,42,17,25,221,223,0.592,0.515,ok
103,104,79,80,6,7,41,42,4,4,2370,2371,2430,2431,0,0,59,57,1,10,209,217,0.936,0.776,ok
104,104,64,64,13,13,72,72,8,8,2851,2852,2911,2912,1,1,40,41,40,26,183,183,0.595,0.486,ok
104,104,80,80,7,7,42,42,4,4,2371,2372,2431,2432,1,1,40,60,24,9,223,223,0.94,5.273,motion_mismatch
104,105,64,65,13,13,72,72,8,8,2852,2853,2912,2913,0,0,46,43,16,24,220,223,0.592,0.482,ok
104,105,80,81,7,7,42,42,4,4,2372,2373,2432,2433,0,0,59,54,0,72,208,222,0.951,3.704,motion_mismatch
105,105,65,65,13,13,72,72,8,8,2853,2854,2913,2914,1,1,40,45,39,24,182,182,0.595,0.511,motion_mismatch
105,105,81,81,7,7,42,42,4,4,2373,2374,2433,2434,1,1,40,63,23,8,222,222,0.928,2.143,motion_mismatch
105,106,65,66,13,13,72,72,8,8,2854,2855,2914,2915,0,0,46,44,15,23,219,222,0.592,0.533,ok
105,106,81,82,7,7,42,42,4,4,2374,2375,2434,2435,0,0,58,57,0,8,207,215,0.924,0.801,ok
106,106,66,66,13,13,72,72,8,8,2855,2856,2915,2916,1,1,40,49,38,23,181,181,0.595,0.498,motion_mismatch
106,106,82,82,7,7,42,42,4,4,2375,2376,2435,2436,1,1,40,55,22,7,221,221,0.924,0.805,motion_mismatch
106,107,66,67,13,13,72,72,8,8,2856,2857,2916,2917,0,0,46,43,14,22,218,221,0.592,0.494,ok
106,107,82,83,7,7,42,42,4,4,2376,2377,2436,2437,0,0,57,65,0,6,206,214,0.988,0.885,motion_mismatch
107,107,67,67,13,13,72,72,8,8,2857,2858,2917,2918,1,1,40,43,37,22,180,180,0.595,0.509,ok
107,107,83,83,7,7,42,42,4,4,2377,2378,2437,2438,1,1,40,54,21,6,220,220,0.9,0.799,motion_mismatch
107,108,67,68,13,13,72,72,8,8,2858,2859,2918,2919,0,0,46,45,13,21,217,223,0.592,0.54,ok
107,108,83,84,7,7,42,42,4,4,2378,2379,2438,2439,0,0,56,57,0,6,205,213,0.896,0.77,ok
108,108,68,68,13,13,72,72,8,8,2859,2860,2919,2920,1,1,40,51,36,21,179,179,0.595,0.529,motion_mismatch
108,108,84,84,7,7,42,42,4,4,2379,2380,2439,2440,1,1,40,55,20,5,219,219,0.871,0.763,motion_mismatch
108,109,68,69,13,13,72,72,8,8,2860,2861,2920,2921,0,0,46,45,12,20,216,223,0.592,0.543,ok
108,109,84,85,7,7,42,42,4,4,2380,2381,2440,2441,0,0,55,59,0,4,204,212,0.882,0.781,ok
109,109,69,69,13,13,72,72,8,8,2861,2862,2921,2922,1,1,40,44,35,21,178,178,0.595,0.51,ok
109,109,85,85,7,7,42,42,4,4,2381,2382,2441,2442,1,1,40,54,19,4,218,218,0.845,0.774,motion_mismatch
109,110,69,70,13,13,72,72,8,8,2862,2863,2922,2923,0,0,46,47,11,19,215,223,0.592,0.55,ok
109,110,85,86,7,7,42,42,4,4,2382,2383,2442,2443,0,0,54,57,0,4,203,211,0.841,0.769,ok
110,110,70,70,13,13,72,72,8,8,2863,2864,2923,2924,1,1,40,50,34,19,177,177,0.595,0.591,motion_mismatch
110,110,86,86,7,7,42,42,4,4,2383,2384,2443,2444,1,1,40,55,18,3,217,217,0.839,0.744,motion_mismatch
110,111,70,71,13,13,72,72,8,8,2864,2865,2924,2925,0,0,46,46,10,18,214,222,0.592,0.557,ok
110,111,86,87,7,7,42,42,4,4,2384,2385,2444,2445,0,0,53,65,0,2,202,210,0.881,0.844,motion_mismatch
111,111,71,71,13,13,72,72,8,8,2865,2866,2925,2926,1,1,40,54,33,18,176,176,0.595,0.502,motion_mismatch
111,111,87,87,7,7,42,42,4,4,2385,2386,2445,2446,1,1,40,54,17,2,216,216,0.845,0.839,motion_mismatch
111,112,71,72,13,13,72,73,8,8,2866,2867,2926,2927,0,0,46,47,9,17,213,221,0.592,0.539,ok
111,112,87,88,7,7,42,43,4,4,2386,2387,2446,2447,0,0,52,57,0,2,201,209,0.842,0.832,motion_mismatch
112,112,72,72,13,13,73,73,8,8,2867,2868,2927,2928,1,1,40,48,32,17,175,175,0.595,0.585,motion_mismatch
112,112,88,88,7,7,43,43,4,4,2387,2388,2447,2448,1,1,40,54,16,1,215,215,0.839,1.946,motion_mismatch
112,113,72,73,13,13,73,73,8,8,2868,2869,2928,2929,0,0,46,37,8,20,212,220,0.592,0.427,motion_mismatch
112,113,88,89,7,7,43,43,4,4,2388,2389,2448,2449,0,0,51,64,0,1,200,208,0.9,2.068,motion_mismatch
113,113,73,73,13,13,73,73,8,8,2869,2870,2929,2930,1,1,41,59,31,16,223,223,0.595,0.38,motion_mismatch
113,113,89,89,7,7,43,43,4,4,2389,2390,2449,2450,1,1,40,52,15,3,214,214,0.757,0.794,motion_mismatch
113,114,73,74,13,13,73,73,8,8,2870,2871,2930,2931,0,0,46,46,7,15,211,219,0.592,0.525,ok
113,114,89,90,7,7,43,43,4,4,2390,2391,2450,2451,0,0,43,43,55,63,199,207,0.754,0.662,ok
114,114,74,74,13,13,73,73,8,8,2871,2872,2931,2932,1,1,42,50,30,15,223,223,0.595,0.539,motion_mismatch
114,114,90,90,7,7,43,43,4,4,2391,2392,2451,2452,1,1,40,40,14,14,213,213,0.757,0.665,ok
114,115,74,75,13,13,73,73,8,8,2872,2873,2932,2933,0,0,46,47,6,14,210,218,0.592,0.59,ok
114,115,90,91,7,7,43,43,4,4,2392,2393,2452,2453,0,0,43,49,54,62,198,206,0.796,0.711,motion_mismatch
115,115,75,75,13,13,73,73,8,8,2873,2874,2933,2934,1,1,43,57,29,14,223,223,0.595,0.571,motion_mismatch
115,115,91,91,7,7,43,43,4,4,2393,2394,2453,2454,1,1,40,40,13,13,212,212,0.76,0.666,ok
115,116,75,76,13,13,73,73,8,8,2874,2875,2934,2935,0,0,46,46,5,13,209,217,0.592,0.484,ok
115,116,91,92,7,7,43,43,4,4,2394,2395,2454,2455,0,0,43,43,53,61,197,205,0.757,0.663,ok
116,116,76,76,13,13,73,73,8,8,2875,2876,2935,2936,1,1,44,56,28,13,223,223,0.595,0.455,motion_mismatch
116,116,92,92,7,7,43,43,4,4,2395,2396,2455,2456,1,1,40,40,12,12,211,211,0.76,0.666,ok
116,117,76,77,13,13,73,73,8,8,2876,2877,2936,2937,0,0,46,46,4,12,208,216,0.592,0.544,ok
116,117,92,93,7,7,43,43,4,4,2396,2397,2456,2457,0,0,43,43,52,60,196,204,0.772,0.678,ok
117,117,77,77,13,13,73,73,8,8,2877,2878,2937,2938,1,1,45,57,27,12,223,223,0.595,0.571,motion_mismatch
117,117,93,93,7,7,43,43,4,4,2397,2398,2457,2458,1,1,40,40,11,11,210,210,0.755,0.662,ok
117,118,77,78,13,13,73,73,8,8,2878,2879,2938,2939,0,0,46,46,3,11,207,215,0.592,0.525,ok
117,118,93,94,7,7,43,43,4,4,2398,2399,2458,2459,0,0,43,43,51,59,195,203,0.752,0.659,ok
118,118,78,78,13,13,73,73,8,8,2879,2880,2939,2940,1,1,46,59,26,11,223,223,0.595,0.505,motion_mismatch
118,118,94,94,7,7,43,43,4,4,2399,2400,2459,2460,1,1,40,40,10,10,209,209,0.755,0.662,ok
118,119,78,79,13,13,73,73,8,8,2880,2881,2940,2941,0,0,46,47,2,10,206,214,0.592,0.52,ok
118,119,94,95,7,7,43,43,4,4,2400,2401,2460,2461,0,0,43,49,50,58,194,202,0.794,0.709,motion_mismatch
119,119,79,79,13,13,73,73,8,8,2881,2882,2941,2942,1,1,47,59,25,10,223,223,0.595,0.534,motion_mismatch
119,119,95,95,7,7,43,43,4,4,2401,2402,2461,2462,1,1,40,40,9,9,208,208,0.763,0.669,ok
119,120,79,80,13,14,73,74,8,8,2882,2883,2942,2943,0,0,46,46,1,9,205,213,0.592,0.553,ok
119,120,95,96,7,7,43,44,4,4,2402,2403,2462,2463,0,0,43,43,49,57,193,201,0.759,0.666,ok
120,120,80,80,14,14,74,74,8,8,2883,2884,2943,2944,1,1,48,62,24,9,223,223,0.595,0.498,motion_mismatch
120,120,96,96,7,7,44,44,4,4,2403,2404,2463,2464,1,1,40,39,8,8,207,207,0.763,1.882,ok
120,121,80,81,14,14,74,74,8,8,2884,2885,2944,2945,0,0,46,46,0,9,204,212,0.592,0.484,ok
120,121,96,97,7,7,44,44,4,4,2404,2405,2464,2465,0,0,43,49,48,56,192,200,0.774,1.889,motion_mismatch
121,121,81,81,14,14,74,74,8,8,2885,2886,2945,2946,1,1,49,62,23,8,223,223,0.565,0.487,motion_mismatch
121,121,97,97,7,7,44,44,4,4,2405,2406,2465,2466,1,1,40,40,7,7,206,206,0.757,0.665,ok
121,122,81,82,14,14,74,74,8,8,2886,2887,2946,2947,0,0,45,46,0,7,203,211,0.563,0.512,ok
121,122,97,98,7,7,44,44,4,4,2406,2407,2466,2467,0,0,43,43,47,55,191,199,0.754,0.662,ok
122,122,82,82,14,14,74,74,8,8,2887,2888,2947,2948,1,1,50,64,22,7,223,223,0.546,0.523,motion_mismatch
122,122,98,98,7,7,44,44,4,4,2407,2408,2467,2468,1,1,40,40,6,6,205,205,0.757,0.665,ok
122,123,82,83,14,14,74,74,8,8,2888,2889,2948,2949,0,0,44,45,1,7,202,210,0.544,0.465,ok
122,123,98,99,7,7,44,44,4,4,2408,2409,2468,2469,0,0,43,49,46,54,190,198,0.796,0.711,motion_mismatch
123,123,83,83,14,14,74,74,8,8,2889,2890,2949,2950,1,1,51,64,21,6,223,223,0.546,0.499,motion_mismatch
123,123,99,99,7,7,44,44,4,4,2409,2410,2469,2470,1,1,40,40,5,5,204,204,0.76,0.666,ok
123,124,83,84,14,14,74,74,8,8,2890,2891,2950,2951,0,0,44,46,0,5,201,209,0.544,0.524,ok
123,124,99,100,7,7,44,44,4,4,2410,2411,2470,2471,0,0,43,43,45,53,189,197,0.757,0.663,ok
124,124,84,84,14,14,74,74,8,8,2891,2892,2951,2952,1,1,52,66,20,5,223,223,0.535,0.496,motion_mismatch
124,124,100,100,7,7,44,44,4,4,2411,2412,2471,2472,1,1,40,40,4,4,203,203,0.76,0.666,ok
124,125,84,85,14,14,74,74,8,8,2892,2893,2952,2953,0,0,43,46,0,4,200,208,0.533,0.484,ok
124,125,100,101,7,7,44,44,4,4,2412,2413,2472,2473,0,0,43,43,44,52,188,196,0.772,0.678,ok
125,125,85,85,14,14,74,74,8,8,2893,2894,2953,2954,1,1,53,66,19,4,223,223,0.517,0.505,motion_mismatch
125,125,101,101,7,7,44,44,4,4,2413,2414,2473,2474,1,1,40,40,3,3,202,202,0.755,0.662,ok
125,126,85,86,14,14,74,74,8,8,2894,2895,2954,2955,0,0,42,46,0,4,199,207,0.515,0.547,ok
125,126,101,102,7,7,44,44,4,4,2414,2415,2474,2475,0,0,43,45,43,51,187,195,0.752,1.206,ok
126,126,86,86,14,14,74,74,8,8,2895,2896,2955,2956,1,1,54,66,18,3,223,223,0.501,0.482,motion_mismatch
126,126,102,102,7,7,44,44,4,4,2415,2416,2475,2476,1,1,40,39,2,2,201,201,0.755,0.99,ok
126,127,86,87,14,14,74,74,8,8,2896,2897,2956,2957,0,0,41,46,0,2,198,206,0.499,0.469,motion_mismatch
126,127,102,103,7,7,44,44,4,4,2416,2417,2476,2477,0,0,43,50,42,50,186,194,0.794,0.869,motion_mismatch
127,127,87,87,14,14,74,74,8,8,2897,2898,2957,2958,1,1,55,68,17,2,223,223,0.485,0.505,motion_mismatch
127,127,103,103,7,7,44,44,4,4,2417,2418,2477,2478,1,1,40,40,1,1,200,200,0.763,1.052,ok
127,128,87,88,14,14,74,75,8,8,2898,2899,2958,2959,0,0,40,46,0,2,197,205,0.483,0.503,motion_mismatch
127,128,103,104,7,7,44,45,4,5,2418,2419,2478,2479,0,0,43,43,41,49,185,193,0.759,0.666,ok
128,128,88,88,14,14,75,75,8,8,2899,2900,2959,2960,1,1,56,68,16,1,223,223,0.476,0.543,motion_mismatch
128,128,104,104,7,7,45,45,5,5,2419,2420,2479,2480,1,1,40,39,0,0,199,199,0.763,1.882,ok
128,129,88,89,14,14,75,75,8,8,2900,2901,2960,2961,0,0,39,39,0,8,196,204,0.629,0.492,ok
128,129,104,105,7,7,45,45,5,5,2420,2421,2480,2481,0,0,43,47,40,48,184,192,0.774,1.349,ok
129,129,89,89,14,14,75,75,8,8,2901,2902,2961,2962,1,1,56,70,15,1,222,222,0.363,0.745,motion_mismatch
129,129,105,105,7,7,45,45,5,5,2421,2422,2481,2482,1,1,39,36,0,0,198,198,0.757,0.669,ok
129,130,89,90,14,14,75,75,8,8,2902,2903,2962,2963,0,0,30,30,55,63,195,203,0.361,0.345,ok
129,130,105,106,7,7,45,45,5,5,2422,2423,2482,2483,0,0,43,44,39,47,183,191,0.754,0.878,ok
130,130,90,90,14,14,75,75,8,8,2903,2904,2963,2964,1,1,56,56,14,14,221,221,0.363,0.347,ok
130,130,106,106,7,7,45,45,5,5,2423,2424,2483,2484,1,1,38,34,0,0,197,197,0.757,0.669,ok
130,131,90,91,14,14,75,75,8,8,2904,2905,2964,2965,0,0,30,30,54,62,194,202,0.361,0.345,ok
130,131,106,107,7,7,45,45,5,5,2424,2425,2484,2485,0,0,43,52,38,46,182,190,0.796,1.167,motion_mismatch
131,131,91,91,14,14,75,75,8,8,2905,2906,2965,2966,1,1,56,56,13,13,220,220,0.363,0.347,ok
131,131,107,107,7,7,45,45,5,5,2425,2426,2485,2486,1,1,37,31,0,0,196,196,0.76,0.998,motion_mismatch
131,132,91,92,14,14,75,75,8,8,2906,2907,2966,2967,0,0,30,30,53,61,193,201,0.361,0.345,ok
131,132,107,108,7,7,45,45,5,5,2426,2427,2486,2487,0,0,43,44,37,45,181,189,0.757,0.806,ok
132,132,92,92,14,14,75,75,8,8,2907,2908,2967,2968,1,1,56,56,12,12,219,219,0.363,0.347,ok
132,132,108,108,7,7,45,45,5,5,2427,2428,2487,2488,1,1,36,30,0,0,195,195,0.76,0.668,motion_mismatch
132,133,92,93,14,14,75,75,8,8,2908,2909,2968,2969,0,0,30,30,52,60,192,200,0.361,0.345,ok
132,133,108,109,7,7,45,45,5,5,2428,2429,2488,2489,0,0,43,44,36,44,180,188,0.772,0.867,ok
133,133,93,93,14,14,75,75,8,8,2909,2910,2969,2970,1,1,56,56,11,11,218,218,0.363,0.347,ok
133,133,109,109,7,7,45,45,5,5,2429,2430,2489,2490,1,1,35,27,0,0,194,194,0.755,0.665,motion_mismatch
133,134,93,94,14,14,75,75,8,8,2910,2911,2970,2971,0,0,30,30,51,59,191,199,0.361,0.345,ok
133,134,109,110,7,7,45,45,5,5,2430,2431,2490,2491,0,0,43,43,35,43,179,187,0.752,0.662,ok
134,134,94,94,14,14,75,75,8,8,2911,2912,2971,2972,1,1,56,56,10,10,217,217,0.363,0.347,ok
134,134,110,110,7,7,45,45,5,5,2431,2432,2491,2492,1,1,34,26,0,0,193,193,0.755,0.665,motion_mismatch
134,135,94,95,14,14,75,75,8,8,2912,2913,2972,2973,0,0,30,30,50,58,190,198,0.361,0.345,ok
134,135,110,111,7,7,45,45,5,5,2432,2433,2492,2493,0,0,43,49,34,42,178,186,0.794,0.712,motion_mismatch
135,135,95,95,14,14,75,75,8,8,2913,2914,2973,2974,1,1,56,56,9,9,216,216,0.363,0.347,ok
135,135,111,111,7,7,45,45,5,5,2433,2434,2493,2494,1,1,33,25,0,0,192,192,0.763,0.673,motion_mismatch
135,136,95,96,14,14,75,76,8,8,2914,2915,2974,2975,0,0,30,30,49,57,189,197,0.361,0.345,ok
135,136,111,112,7,7,45,46,5,5,2434,2435,2494,2495,0,0,43,43,33,41,177,185,0.759,0.67,ok
136,136,96,96,14,14,76,76,8,8,2915,2916,2975,2976,1,1,56,56,8,8,215,215,0.363,0.347,ok
136,136,112,112,7,7,46,46,5,5,2435,2436,2495,2496,1,1,32,25,0,0,191,191,0.763,0.911,motion_mismatch
136,137,96,97,14,14,76,76,8,8,2916,2917,2976,2977,0,0,30,30,48,56,188,196,0.361,0.345,ok
136,137,112,113,7,7,46,46,5,5,2436,2437,2496,2497,0,0,43,44,32,40,176,184,0.774,0.922,ok
137,137,97,97,14,14,76,76,8,8,2917,2918,2977,2978,1,1,56,56,7,7,214,214,0.363,0.347,ok
137,137,113,113,7,7,46,46,5,5,2437,2438,2497,2498,1,1,31,23,0,0,190,190,0.757,0.669,motion_mismatch
137,138,97,98,14,14,76,76,8,8,2918,2919,2978,2979,0,0,30,30,47,55,187,195,0.361,0.345,ok
137,138,113,114,7,7,46,46,5,5,2438,2439,2498,2499,0,0,44,43,31,39,223,183,0.784,0.666,ok
138,138,98,98,14,14,76,76,8,8,2919,2920,2979,2980,1,1,56,56,6,6,213,213,0.363,0.347,ok
138,138,114,114,7,7,46,46,5,5,2439,2440,2499,2500,1,1,30,22,0,0,189,189,0.787,0.669,motion_mismatch
138,139,98,99,14,14,76,76,8,8,2920,2921,2980,2981,0,0,30,30,46,54,186,194,0.361,0.345,ok
138,139,114,115,7,7,46,46,5,5,2440,2441,2500,2501,0,0,45,49,30,38,223,182,0.844,0.715,ok
139,139,99,99,14,14,76,76,8,8,2921,2922,2981,2982,1,1,56,56,5,5,212,212,0.363,0.347,ok
139,139,115,115,7,7,46,46,5,5,2441,2442,2501,2502,1,1,29,21,0,0,188,188,0.809,0.668,motion_mismatch
139,140,99,100,14,14,76,76,8,8,2922,2923,2982,2983,0,0,30,30,45,53,185,193,0.361,0.345,ok
139,140,115,116,7,7,46,46,5,5,2442,2443,2502,2503,0,0,45,43,29,37,222,181,0.806,0.665,ok
140,140,100,100,14,14,76,76,8,8,2923,2924,2983,2984,1,1,56,56,4,4,211,211,0.363,0.347,ok
140,140,116,116,7,7,46,46,5,5,2443,2444,2503,2504,1,1,28,20,0,0,187,187,0.809,0.668,motion_mismatch
140,141,100,101,14,14,76,76,8,8,2924,2925,2984,2985,0,0,30,30,44,52,184,192,0.361,0.345,ok
140,141,116,117,7,7,46,46,5,5,2444,2445,2504,2505,0,0,46,43,28,36,223,180,0.832,0.68,ok
141,141,101,101,14,14,76,76,8,8,2925,2926,2985,2986,1,1,56,56,3,3,210,210,0.363,0.347,ok
141,141,117,117,7,7,46,46,5,5,2445,2446,2505,2506,1,1,27,19,0,0,186,186,0.815,0.665,motion_mismatch
141,142,101,102,14,14,76,76,8,8,2926,2927,2986,2987,0,0,30,30,43,51,183,191,0.361,0.345,ok
141,142,117,118,7,7,46,46,5,5,2446,2447,2506,2507,0,0,47,43,27,35,223,179,0.829,0.662,ok
142,142,102,102,14,14,76,76,8,8,2927,2928,2987,2988,1,1,56,56,2,2,209,209,0.363,0.347,ok
142,142,118,118,7,7,46,46,5,5,2447,2448,2507,2508,1,1,26,18,0,0,185,185,0.833,0.665,motion_mismatch
142,143,102,103,14,14,76,76,8,8,2928,2929,2988,2989,0,0,30,30,42,50,182,190,0.361,0.345,ok
142,143,118,119,7,7,46,46,5,5,2448,2449,2508,2509,0,0,48,49,26,34,223,178,0.888,0.712,ok
143,143,103,103,14,14,76,76,8,8,2929,2930,2989,2990,1,1,56,56,1,1,208,208,0.363,0.347,ok
143,143,119,119,7,7,46,46,5,5,2449,2450,2509,2510,1,1,25,20,0,0,184,184,0.857,0.694,motion_mismatch
143,144,103,104,14,14,76,77,8,9,2930,2931,2990,2991,0,0,30,30,41,49,181,189,0.361,0.345,ok
143,144,119,120,7,7,46,47,5,5,2450,2451,2510,2511,0,0,49,43,25,33,223,177,0.869,0.691,motion_mismatch
144,144,104,104,14,14,77,77,9,9,2931,2932,2991,2992,1,1,56,56,0,0,207,207,0.363,0.347,ok
144,144,120,120,7,7,47,47,5,5,2451,2452,2511,2512,1,1,24,29,48,48,183,214,0.873,6.047,motion_mismatch
144,145,104,105,14,14,77,77,9,9,2932,2933,2992,2993,0,0,30,33,40,54,180,188,0.361,0.302,ok
144,145,120,121,7,7,47,47,5,5,2452,2453,2512,2513,0,0,50,33,24,96,223,214,0.892,2.547,motion_mismatch
145,145,105,105,14,14,77,77,9,9,2933,2934,2993,2994,1,1,55,66,0,0,206,206,0.363,0.303,motion_mismatch
145,145,121,121,7,7,47,47,5,5,2453,2454,2513,2514,1,1,24,37,47,32,182,181,0.876,3.832,motion_mismatch
145,146,105,106,14,14,77,77,9,9,2934,2935,2994,2995,0,0,30,30,39,47,179,187,0.361,0.345,ok
145,146,121,122,7,7,47,47,5,5,2454,2455,2514,2515,0,0,51,44,23,31,223,223,0.882,0.693,motion_mismatch
146,146,106,106,14,14,77,77,9,9,2935,2936,2995,2996,1,1,54,54,0,0,205,205,0.363,0.347,ok
146,146,122,122,7,7,47,47,5,5,2455,2456,2515,2516,1,1,24,18,46,31,181,181,0.886,0.696,motion_mismatch
146,147,106,107,14,14,77,77,9,9,2936,2937,2996,2997,0,0,30,30,38,46,178,186,0.361,0.345,ok
146,147,122,123,7,7,47,47,5,5,2456,2457,2516,2517,0,0,52,51,22,30,223,223,0.934,0.759,ok
147,147,107,107,14,14,77,77,9,9,2937,2938,2997,2998,1,1,53,53,0,0,204,204,0.363,0.347,ok
147,147,123,123,7,7,47,47,5,5,2457,2458,2517,2518,1,1,24,18,45,30,180,180,0.9,0.727,motion_mismatch
147,148,107,108,14,14,77,77,9,9,2938,2939,2998,2999,0,0,30,30,37,45,177,185,0.361,0.345,ok
147,148,123,124,7,7,47,47,5,5,2458,2459,2518,2519,0,0,53,45,21,29,223,222,0.905,0.723,motion_mismatch
148,148,108,108,14,14,77,77,9,9,2939,2940,2999,3000,1,1,52,52,0,0,203,203,0.363,0.347,ok
148,148,124,124,7,7,47,47,5,5,2459,2460,2519,2520,1,1,24,22,44,29,179,179,0.909,0.712,ok
148,149,108,109,14,14,77,77,9,9,2940,2941,3000,3001,0,0,30,30,36,44,176,184,0.361,0.345,ok
148,149,124,125,7,7,47,47,5,5,2460,2461,2520,2521,0,0,54,46,20,28,223,223,0.929,0.736,motion_mismatch
149,149,109,109,14,14,77,77,9,9,2941,2942,3001,3002,1,1,51,51,0,0,202,202,0.363,0.347,ok
149,149,125,125,7,7,47,47,5,5,2461,2462,2521,2522,1,1,24,16,43,43,178,178,0.912,0.72,motion_mismatch
149,150,109,110,14,14,77,77,9,9,2942,2943,3002,3003,0,0,30,30,35,43,175,183,0.361,0.345,ok
149,150,125,126,7,7,47,47,5,5,2462,2463,2522,2523,0,0,55,47,19,27,223,223,0.928,0.734,motion_mismatch
150,150,110,110,14,14,77,77,9,9,2943,2944,3003,3004,1,1,50,50,0,0,201,201,0.363,0.347,ok
150,150,126,126,7,7,47,47,5,5,2463,2464,2523,2524,1,1,24,22,42,27,177,177,0.932,0.795,ok
150,151,110,111,14,14,77,77,9,9,2944,2945,3004,3005,0,0,30,30,34,42,174,182,0.361,0.345,ok
150,151,126,127,7,7,47,47,5,5,2464,2465,2524,2525,0,0,56,54,18,26,223,223,0.977,0.852,ok
151,151,111,111,14,14,77,77,9,9,2945,2946,3005,3006,1,1,49,49,0,0,200,200,0.363,0.347,ok
151,151,127,127,7,7,47,47,5,5,2465,2466,2525,2526,1,1,24,20,41,26,176,176,0.947,0.781,ok
151,152,111,112,14,14,77,78,9,9,2946,2947,3006,3007,0,0,30,30,33,41,173,181,0.361,0.345,ok
151,152,127,128,7,7,47,48,5,5,2466,2467,2526,2527,0,0,57,49,17,25,223,223,0.945,0.788,motion_mismatch
152,152,112,112,14,14,78,78,9,9,2947,2948,3007,3008,1,1,48,48,56,56,199,199,0.363,0.347,ok
152,152,128,128,7,7,48,48,5,5,2467,2468,2527,2528,1,1,24,34,40,25,175,175,0.949,2.143,motion_mismatch
152,153,112,113,14,14,78,78,9,9,2948,2949,3008,3009,0,0,30,30,32,40,172,180,0.361,0.345,ok
152,153,128,129,7,7,48,48,5,5,2468,2469,2528,2529,0,0,58,57,16,24,223,223,0.979,2.172,ok
153,153,113,113,14,14,78,78,9,9,2949,2950,3009,3010,1,1,48,48,55,55,198,198,0.363,0.347,ok
153,153,129,129,7,7,48,48,5,5,2469,2470,2529,2530,1,1,24,23,39,26,174,174,0.963,0.782,ok
153,154,113,114,14,14,78,78,9,9,2950,2951,3010,3011,0,0,31,30,31,39,223,179,0.371,0.345,ok
153,154,129,130,7,7,48,48,5,5,2470,2471,2530,2531,0,0,59,51,15,23,223,223,0.985,0.786,motion_mismatch
154,154,114,114,14,14,78,78,9,9,2951,2952,3011,3012,1,1,48,48,54,54,197,197,0.372,0.347,ok
154,154,130,130,7,7,48,48,5,5,2471,2472,2531,2532,1,1,24,30,38,23,173,173,0.989,0.963,motion_mismatch
154,155,114,115,14,14,78,78,9,9,2952,2953,3012,3013,0,0,32,30,30,38,223,178,0.378,0.345,ok
154,155,130,131,7,7,48,48,5,5,2472,2473,2532,2533,0,0,59,58,14,22,222,223,1.027,1.009,ok
155,155,115,115,14,14,78,78,9,9,2953,2954,3013,3014,1,1,48,48,53,53,196,196,0.38,0.347,ok
155,155,131,131,7,7,48,48,5,5,2473,2474,2533,2534,1,1,24,20,37,22,172,172,0.993,0.794,ok
155,156,115,116,14,14,78,78,9,9,2954,2955,3014,3015,0,0,33,30,29,37,223,177,0.39,0.345,ok
155,156,131,132,7,7,48,48,5,5,2474,2475,2534,2535,0,0,59,53,13,21,221,223,0.988,0.803,motion_mismatch
156,156,116,116,14,14,78,78,9,9,2955,2956,3015,3016,1,1,48,48,52,52,195,195,0.392,0.347,ok
156,156,132,132,7,7,48,48,5,5,2475,2476,2535,2536,1,1,24,26,36,21,171,171,0.993,0.919,ok
156,157,116,117,14,14,78,78,9,9,2956,2957,3016,3017,0,0,34,30,28,36,223,176,0.402,0.345,ok
156,157,132,133,7,7,48,48,5,5,2476,2477,2536,2537,0,0,59,54,12,20,220,223,1.003,1.052,motion_mismatch
157,157,117,117,14,14,78,78,9,9,2957,2958,3017,3018,1,1,48,48,51,51,194,194,0.404,0.347,ok
157,157,133,133,7,7,48,48,5,5,2477,2478,2537,2538,1,1,24,30,35,20,170,170,0.987,0.906,motion_mismatch
157,158,117,118,14,14,78,78,9,9,2958,2959,3018,3019,0,0,34,30,27,35,222,175,0.402,0.345,ok
157,158,133,134,7,7,48,48,5,5,2478,2479,2538,2539,0,0,59,55,11,19,219,223,0.983,0.823,ok
158,158,118,118,14,14,78,78,9,9,2959,2960,3019,3020,1,1,48,48,50,50,193,193,0.404,0.347,ok
158,158,134,134,7,7,48,48,5,5,2479,2480,2539,2540,1,1,24,29,34,19,169,169,0.987,0.988,motion_mismatch
158,159,118,119,14,14,78,78,9,9,2960,2961,3020,3021,0,0,35,30,26,34,223,174,0.414,0.345,motion_mismatch
158,159,134,135,7,7,48,48,5,5,2480,2481,2540,2541,0,0,59,63,10,18,218,223,1.025,1.374,ok
159,159,119,119,14,14,78,78,9,9,2961,2962,3021,3022,1,1,48,48,49,49,192,192,0.416,0.347,ok
159,159,135,135,7,7,48,48,5,5,2481,2482,2541,2542,1,1,24,33,33,18,168,168,0.995,0.938,motion_mismatch
159,160,119,120,14,14,78,79,9,9,2962,2963,3022,3023,0,0,36,30,25,33,223,173,0.421,0.345,motion_mismatch
159,160,135,136,7,7,48,49,5,5,2482,2483,2542,2543,0,0,59,62,9,17,217,223,0.99,1.64,ok
160,160,120,120,14,14,79,79,9,9,2963,2964,3023,3024,1,1,48,48,48,48,191,191,0.423,0.347,ok
160,160,136,136,7,7,49,49,5,5,2483,2484,2543,2544,1,1,24,39,32,17,167,198,0.995,5.3,motion_mismatch
160,161,120,121,14,14,79,79,9,9,2964,2965,3024,3025,0,0,37,31,24,32,223,172,0.427,0.349,motion_mismatch
160,161,136,137,7,7,49,49,5,5,2484,2485,2544,2545,0,0,59,58,8,17,216,223,1.005,2.959,ok
161,161,121,121,14,14,79,79,9,9,2965,2966,3025,3026,1,1,48,51,47,32,190,190,0.429,0.351,ok
161,161,137,137,7,7,49,49,5,5,2485,2486,2545,2546,1,1,25,41,31,16,223,223,0.989,3.724,motion_mismatch
161,162,121,122,14,14,79,79,9,9,2966,2967,3026,3027,0,0,38,31,23,31,223,223,0.432,0.354,motion_mismatch
161,162,137,138,7,7,49,49,5,5,2486,2487,2546,2547,0,0,59,60,7,15,215,223,0.985,1.296,ok
162,162,122,122,14,14,79,79,9,9,2967,2968,3027,3028,1,1,48,48,46,46,189,189,0.434,0.356,ok
162,162,138,138,7,7,49,49,5,5,2487,2488,2547,2548,1,1,26,38,30,15,223,223,0.989,0.978,motion_mismatch
162,163,122,123,14,14,79,79,9,9,2968,2969,3028,3029,0,0,39,32,22,30,223,223,0.436,0.362,motion_mismatch
162,163,138,139,7,7,49,49,5,5,2488,2489,2548,2549,0,0,59,66,6,14,214,222,1.027,1.298,motion_mismatch
163,163,123,123,14,14,79,79,9,9,2969,2970,3029,3030,1,1,48,53,45,30,188,188,0.438,0.418,motion_mismatch
163,163,139,139,7,7,49,49,5,5,2489,2490,2549,2550,1,1,27,40,29,14,223,223,0.993,1.159,motion_mismatch
163,164,123,124,14,14,79,79,9,9,2970,2971,3030,3031,0,0,40,37,21,29,223,223,0.44,0.428,ok
163,164,139,140,7,7,49,49,5,5,2490,2491,2550,2551,0,0,59,60,5,13,213,221,0.988,1.228,ok
164,164,124,124,14,14,79,79,9,9,2971,2972,3031,3032,1,1,48,48,44,44,187,187,0.442,0.375,ok
164,164,140,140,7,7,49,49,5,5,2491,2492,2551,2552,1,1,28,41,28,13,223,223,0.993,0.959,motion_mismatch
164,165,124,125,14,14,79,79,9,9,2972,2973,3032,3033,0,0,41,34,20,28,223,223,0.443,0.385,motion_mismatch
164,165,140,141,7,7,49,49,5,5,2492,2493,2552,2553,0,0,59,60,4,12,212,220,1.003,1.269,ok
165,165,125,125,14,14,79,79,9,9,2973,2974,3033,3034,1,1,48,50,43,28,186,186,0.445,0.404,ok
165,165,141,141,7,7,49,49,5,5,2493,2494,2553,2554,1,1,29,44,27,12,223,223,0.987,1.144,motion_mismatch
165,166,125,126,14,14,79,79,9,9,2974,2975,3034,3035,0,0,42,40,19,27,223,222,0.444,0.452,ok
165,166,141,142,7,7,49,49,5,5,2494,2495,2554,2555,0,0,59,59,3,11,211,219,0.983,1.171,ok
166,166,126,126,14,14,79,79,9,9,2975,2976,3035,3036,1,1,48,55,42,27,185,185,0.446,0.437,motion_mismatch
166,166,142,142,7,7,49,49,5,5,2495,2496,2555,2556,1,1,30,45,26,11,223,223,0.987,1.045,motion_mismatch
166,167,126,127,14,14,79,79,9,9,2976,2977,3036,3037,0,0,43,35,18,26,223,223,0.449,0.397,motion_mismatch
166,167,142,143,7,7,49,49,5,5,2496,2497,2556,2557,0,0,59,65,2,10,210,218,1.025,1.151,motion_mismatch
167,167,127,127,14,14,79,79,9,9,2977,2978,3037,3038,1,1,48,48,41,41,184,184,0.451,0.399,ok
167,167,143,143,7,7,49,49,5,5,2497,2498,2557,2558,1,1,31,46,25,10,223,223,0.995,1.159,motion_mismatch
167,168,127,128,14,14,79,80,9,9,2978,2979,3038,3039,0,0,44,39,17,25,223,223,0.455,0.431,motion_mismatch
167,168,143,144,7,8,49,50,5,5,2498,2499,2558,2559,0,0,59,58,1,10,209,217,0.99,1.16,ok
168,168,128,128,14,14,80,80,9,9,2979,2980,3039,3040,1,1,48,58,40,25,183,183,0.457,0.496,motion_mismatch
168,168,144,144,8,8,50,50,5,5,2499,2500,2559,2560,1,1,32,46,24,9,223,223,0.995,1.603,motion_mismatch
168,169,128,129,14,14,80,80,9,9,2980,2981,3040,3041,0,0,45,42,16,24,223,223,0.462,0.469,ok
168,169,144,145,8,8,50,50,5,5,2500,2501,2560,2561,0,0,59,60,0,8,208,216,1.005,1.635,ok
169,169,129,129,14,14,80,80,9,9,2981,2982,3041,3042,1,1,48,48,39,39,182,182,0.464,0.409,ok
169,169,145,145,8,8,50,50,5,5,2501,2502,2561,2562,1,1,32,47,23,8,222,222,0.971,1.134,motion_mismatch
169,170,129,130,14,14,80,80,9,9,2982,2983,3042,3043,0,0,46,39,15,23,223,223,0.467,0.416,motion_mismatch
169,170,145,146,8,8,50,50,5,5,2502,2503,2562,2563,0,0,58,58,0,8,207,215,0.967,1.17,ok
170,170,130,130,14,14,80,80,9,9,2983,2984,3043,3044,1,1,48,55,38,23,181,181,0.469,0.468,motion_mismatch
170,170,146,146,8,8,50,50,5,5,2503,2504,2563,2564,1,1,32,47,22,7,221,221,0.966,1.114,motion_mismatch
170,171,130,131,14,14,80,80,9,9,2984,2985,3044,3045,0,0,46,46,14,22,222,223,0.467,0.485,ok
170,171,146,147,8,8,50,50,5,5,2504,2505,2564,2565,0,0,57,65,0,6,206,214,1.003,1.185,motion_mismatch
171,171,131,131,14,14,80,80,9,9,2985,2986,3045,3046,1,1,48,55,37,22,180,180,0.469,0.437,motion_mismatch
171,171,147,147,8,8,50,50,5,5,2505,2506,2565,2566,1,1,32,47,21,6,220,220,0.947,1.203,motion_mismatch
171,172,131,132,14,14,80,80,9,9,2986,2987,3046,3047,0,0,46,40,13,21,221,223,0.467,0.419,motion_mismatch
171,172,147,148,8,8,50,50,5,5,2506,2507,2566,2567,0,0,56,58,0,6,205,213,0.942,1.169,ok
172,172,132,132,14,14,80,80,9,9,2987,2988,3047,3048,1,1,48,53,36,21,179,179,0.469,0.475,motion_mismatch
172,172,148,148,8,8,50,50,5,5,2507,2508,2567,2568,1,1,32,47,20,5,219,219,0.933,1.115,motion_mismatch
172,173,132,133,14,14,80,80,9,9,2988,2989,3048,3049,0,0,46,49,12,20,220,223,0.467,0.514,ok
172,173,148,149,8,8,50,50,5,5,2508,2509,2568,2569,0,0,55,59,0,4,204,212,0.944,1.053,ok
173,173,133,133,14,14,80,80,9,9,2989,2990,3049,3050,1,1,48,59,35,20,178,178,0.469,0.442,motion_mismatch
173,173,149,149,8,8,50,50,5,5,2509,2510,2569,2570,1,1,32,47,19,4,218,218,0.919,1.111,motion_mismatch
173,174,133,134,14,14,80,80,9,9,2990,2991,3050,3051,0,0,46,42,11,19,219,223,0.467,0.405,ok
173,174,149,150,8,8,50,50,5,5,2510,2511,2570,2571,0,0,54,58,0,4,203,211,0.915,1.174,ok
174,174,134,134,14,14,80,80,9,9,2991,2992,3051,3052,1,1,48,52,34,19,177,177,0.469,0.44,ok
174,174,150,150,8,8,50,50,5,5,2511,2512,2571,2572,1,1,32,47,18,3,217,217,0.897,1.149,motion_mismatch
174,175,134,135,14,14,80,80,9,9,2992,2993,3052,3053,0,0,46,49,10,18,218,223,0.467,0.493,ok
174,175,150,151,8,8,50,50,5,5,2512,2513,2572,2573,0,0,53,65,0,2,202,210,0.918,1.152,motion_mismatch
175,175,135,135,14,14,80,80,9,9,2993,2994,3053,3054,1,1,48,59,33,18,176,176,0.469,0.495,motion_mismatch
175,175,151,151,8,8,50,50,5,5,2513,2514,2573,2574,1,1,32,47,17,2,216,216,0.886,1.159,motion_mismatch
175,176,135,136,14,14,80,81,9,9,2994,2995,3054,3055,0,0,46,46,9,17,217,223,0.467,0.436,ok
175,176,151,152,8,9,50,51,5,5,2514,2515,2574,2575,0,0,52,58,0,2,201,209,0.882,1.174,motion_mismatch
176,176,136,136,14,14,81,81,9,9,2995,2996,3055,3056,1,1,48,54,32,17,175,175,0.469,0.398,motion_mismatch
176,176,152,152,9,9,51,51,5,5,2515,2516,2575,2576,1,1,32,46,16,1,215,215,0.867,3.199,motion_mismatch
176,177,136,137,14,14,81,81,9,9,2996,2997,3056,3057,0,0,46,48,8,16,216,223,0.467,0.46,ok
176,177,152,153,9,9,51,51,5,5,2516,2517,2576,2577,0,0,51,62,0,3,200,208,1.085,3.093,motion_mismatch
177,177,137,137,14,14,81,81,9,9,2997,2998,3057,3058,1,1,49,57,31,16,223,223,0.469,0.449,motion_mismatch
177,177,153,153,9,9,51,51,5,5,2517,2518,2577,2578,1,1,32,46,15,1,214,214,0.732,1.085,motion_mismatch
177,178,137,138,14,14,81,81,9,9,2998,2999,3058,3059,0,0,46,51,7,15,215,223,0.467,0.487,motion_mismatch
177,178,153,154,9,9,51,51,5,5,2518,2519,2578,2579,0,0,42,42,55,63,199,207,0.729,0.62,ok
178,178,138,138,14,14,81,81,9,9,2999,3000,3059,3060,1,1,50,56,30,15,223,223,0.469,0.415,motion_mismatch
178,178,154,154,9,9,51,51,5,5,2519,2520,2579,2580,1,1,32,32,14,14,213,213,0.732,0.623,ok
178,179,138,139,14,14,81,81,9,9,3000,3001,3060,3061,0,0,46,46,6,14,214,222,0.467,0.433,ok
178,179,154,155,9,9,51,51,5,5,2520,2521,2580,2581,0,0,42,48,54,62,198,206,0.738,0.639,motion_mismatch
179,179,139,139,14,14,81,81,9,9,3001,3002,3061,3062,1,1,51,59,29,14,223,223,0.469,0.473,motion_mismatch
179,179,155,155,9,9,51,51,5,5,2521,2522,2581,2582,1,1,32,32,13,13,212,212,0.73,0.618,ok
179,180,139,140,14,14,81,81,9,9,3002,3003,3062,3063,0,0,46,53,5,13,213,221,0.467,0.516,motion_mismatch
179,180,155,156,9,9,51,51,5,5,2522,2523,2582,2583,0,0,42,42,53,61,197,205,0.727,0.616,ok
180,180,140,140,14,14,81,81,9,9,3003,3004,3063,3064,1,1,52,61,28,13,223,223,0.469,0.453,motion_mismatch
180,180,156,156,9,9,51,51,5,5,2523,2524,2583,2584,1,1,32,32,12,12,211,211,0.73,0.618,ok
180,181,140,141,14,14,81,81,9,9,3004,3005,3064,3065,0,0,46,46,4,12,212,220,0.467,0.403,ok
180,181,156,157,9,9,51,51,5,5,2524,2525,2584,2585,0,0,42,42,52,60,196,204,0.727,0.616,ok
181,181,141,141,14,14,81,81,9,9,3005,3006,3065,3066,1,1,53,59,27,12,223,223,0.469,0.385,motion_mismatch
181,181,157,157,9,9,51,51,5,5,2525,2526,2585,2586,1,1,32,32,11,11,210,210,0.73,0.618,ok
181,182,141,142,14,14,81,81,9,9,3006,3007,3066,3067,0,0,46,50,3,11,211,219,0.467,0.484,ok
181,182,157,158,9,9,51,51,5,5,2526,2527,2586,2587,0,0,42,42,51,59,195,203,0.727,0.616,ok
182,182,142,142,14,14,81,81,9,9,3007,3008,3067,3068,1,1,54,65,26,11,223,223,0.469,0.466,motion_mismatch
182,182,158,158,9,9,51,51,5,5,2527,2528,2587,2588,1,1,32,32,10,10,209,209,0.73,0.618,ok
182,183,142,143,14,14,81,81,9,9,3008,3009,3068,3069,0,0,46,46,2,10,210,218,0.467,0.426,ok
182,183,158,159,9,9,51,51,5,5,2528,2529,2588,2589,0,0,42,48,50,58,194,202,0.737,0.636,motion_mismatch
183,183,143,143,14,14,81,81,9,9,3009,3010,3069,3070,1,1,55,61,25,10,223,223,0.469,0.403,motion_mismatch
183,183,159,159,9,9,51,51,5,5,2529,2530,2589,2590,1,1,32,32,9,9,208,208,0.732,0.623,ok
183,184,143,144,14,15,81,82,9,9,3010,3011,3070,3071,0,0,46,47,1,9,209,217,0.467,0.428,ok
183,184,159,160,9,9,51,52,5,5,2530,2531,2590,2591,0,0,42,42,49,57,193,201,0.729,0.62,ok
184,184,144,144,15,15,82,82,9,9,3011,3012,3071,3072,1,1,56,64,24,9,223,223,0.469,0.44,motion_mismatch
184,184,160,160,9,9,52,52,5,5,2531,2532,2591,2592,1,1,32,31,8,8,207,207,0.732,2.674,ok
184,185,144,145,15,15,82,82,9,9,3012,3013,3072,3073,0,0,46,48,0,8,208,216,0.467,0.451,ok
184,185,160,161,9,9,52,52,5,5,2532,2533,2592,2593,0,0,42,48,48,56,192,200,0.729,2.662,motion_mismatch
185,185,145,145,15,15,82,82,9,9,3013,3014,3073,3074,1,1,56,62,23,8,222,222,0.463,0.413,motion_mismatch
185,185,161,161,9,9,52,52,5,5,2533,2534,2593,2594,1,1,32,32,7,7,206,206,0.732,0.623,ok
185,186,145,146,15,15,82,82,9,9,3014,3015,3074,3075,0,0,45,47,0,8,207,215,0.461,0.39,ok
185,186,161,162,9,9,52,52,5,5,2534,2535,2594,2595,0,0,42,42,47,55,191,199,0.729,0.62,ok
186,186,146,146,15,15,82,82,9,9,3015,3016,3075,3076,1,1,56,64,22,7,221,221,0.451,0.392,motion_mismatch
186,186,162,162,9,9,52,52,5,5,2535,2536,2595,2596,1,1,32,32,6,6,205,205,0.732,0.623,ok
186,187,146,147,15,15,82,82,9,9,3016,3017,3076,3077,0,0,44,46,9,6,206,214,0.449,0.425,ok
186,187,162,163,9,9,52,52,5,5,2536,2537,2596,2597,0,0,42,48,46,54,190,198,0.738,0.639,motion_mismatch
187,187,147,147,15,15,82,82,9,9,3017,3018,3077,3078,1,1,56,62,21,6,220,220,0.451,0.415,motion_mismatch
187,187,163,163,9,9,52,52,5,5,2537,2538,2597,2598,1,1,32,32,5,5,204,204,0.73,0.618,ok
187,188,147,148,15,15,82,82,9,9,3018,3019,3078,3079,0,0,44,45,8,6,205,213,0.449,0.392,ok
187,188,163,164,9,9,52,52,5,5,2538,2539,2598,2599,0,0,42,42,45,53,189,197,0.727,0.616,ok
188,188,148,148,15,15,82,82,9,9,3019,3020,3079,3080,1,1,56,66,20,5,219,219,0.451,0.401,motion_mismatch
188,188,164,164,9,9,52,52,5,5,2539,2540,2599,2600,1,1,32,32,4,4,203,203,0.73,0.618,ok
188,189,148,149,15,15,82,82,9,9,3020,3021,3080,3081,0,0,44,50,7,4,204,212,0.449,0.421,motion_mismatch
188,189,164,165,9,9,52,52,5,5,2540,2541,2600,2601,0,0,42,42,44,52,188,196,0.727,0.616,ok
189,189,149,149,15,15,82,82,9,9,3021,3022,3081,3082,1,1,56,62,19,4,218,218,0.451,0.411,motion_mismatch
189,189,165,165,9,9,52,52,5,5,2541,2542,2601,2602,1,1,32,32,3,3,202,202,0.73,0.618,ok
189,190,149,150,15,15,82,82,9,9,3022,3023,3082,3083,0,0,44,46,6,3,203,211,0.449,0.403,ok
189,190,165,166,9,9,52,52,5,5,2542,2543,2602,2603,0,0,42,42,43,51,187,195,0.727,0.616,ok
190,190,150,150,15,15,82,82,9,9,3023,3024,3083,3084,1,1,56,64,18,3,217,217,0.451,0.401,motion_mismatch
190,190,166,166,9,9,52,52,5,5,2543,2544,2603,2604,1,1,32,32,2,2,201,201,0.73,0.618,ok
190,191,150,151,15,15,82,82,9,9,3024,3025,3084,3085,0,0,44,52,5,3,202,210,0.449,0.414,motion_mismatch
190,191,166,167,9,9,52,52,5,5,2544,2545,2604,2605,0,0,42,50,42,50,186,194,0.737,1.557,motion_mismatch
191,191,151,151,15,15,82,82,9,9,3025,3026,3085,3086,1,1,56,66,17,2,216,216,0.451,0.4,motion_mismatch
191,191,167,167,9,9,52,52,5,5,2545,2546,2605,2606,1,1,32,32,1,1,200,200,0.732,1.548,ok
191,192,151,152,15,16,82,83,9,9,3026,3027,3086,3087,0,0,44,46,4,1,201,209,0.449,0.395,ok
191,192,167,168,9,9,52,53,5,6,2546,2547,2606,2607,0,0,42,42,41,49,185,193,0.729,0.62,ok
192,192,152,152,16,16,83,83,9,9,3027,3028,3087,3088,1,1,56,62,16,1,215,215,0.451,0.403,motion_mismatch
192,192,168,168,9,9,53,53,6,6,2547,2548,2607,2608,1,1,32,31,0,0,199,199,0.732,2.674,ok
192,193,152,153,16,16,83,83,9,9,3028,3029,3088,3089,0,0,47,54,0,1,200,208,0.524,0.455,motion_mismatch
192,193,168,169,9,9,53,53,6,6,2548,2549,2608,2609,0,0,42,46,40,48,184,192,0.729,1.824,ok
193,193,153,153,16,16,83,83,9,9,3029,3030,3089,3090,1,1,56,70,15,1,214,214,0.36,0.508,motion_mismatch
193,193,169,169,9,9,53,53,6,6,2549,2550,2609,2610,1,1,31,28,0,0,198,198,0.732,0.665,ok
193,194,153,154,16,16,83,83,9,9,3030,3031,3090,3091,0,0,38,38,55,63,199,207,0.358,0.341,ok
193,194,169,170,9,9,53,53,6,6,2550,2551,2610,2611,0,0,42,43,39,47,183,191,0.729,0.998,ok
194,194,154,154,16,16,83,83,9,9,3031,3032,3091,3092,1,1,56,56,14,14,213,213,0.36,0.342,ok
194,194,170,170,9,9,53,53,6,6,2551,2552,2611,2612,1,1,30,26,0,0,197,197,0.732,0.665,ok
194,195,154,155,16,16,83,83,9,9,3032,3033,3092,3093,0,0,38,38,54,62,198,206,0.358,0.341,ok
194,195,170,171,9,9,53,53,6,6,2552,2553,2612,2613,0,0,42,49,38,46,182,190,0.738,0.938,motion_mismatch
195,195,155,155,16,16,83,83,9,9,3033,3034,3093,3094,1,1,56,56,13,13,212,212,0.36,0.342,ok
195,195,171,171,9,9,53,53,6,6,2553,2554,2613,2614,1,1,29,24,0,0,196,196,0.73,0.66,motion_mismatch
195,196,155,156,16,16,83,83,9,9,3034,3035,3094,3095,0,0,38,38,53,61,197,205,0.358,0.341,ok
195,196,171,172,9,9,53,53,6,6,2554,2555,2614,2615,0,0,42,44,37,45,181,189,0.727,1.226,ok
196,196,156,156,16,16,83,83,9,9,3035,3036,3095,3096,1,1,56,56,12,12,211,211,0.36,0.342,ok
196,196,172,172,9,9,53,53,6,6,2555,2556,2615,2616,1,1,28,21,0,0,195,195,0.73,0.989,motion_mismatch
196,197,156,157,16,16,83,83,9,9,3036,3037,3096,3097,0,0,38,38,52,60,196,204,0.358,0.341,ok
196,197,172,173,9,9,53,53,6,6,2556,2557,2616,2617,0,0,42,43,36,44,180,188,0.727,0.985,ok
197,197,157,157,16,16,83,83,9,9,3037,3038,3097,3098,1,1,56,56,11,11,210,210,0.36,0.342,ok
197,197,173,173,9,9,53,53,6,6,2557,2558,2617,2618,1,1,27,19,0,0,194,194,0.73,0.66,motion_mismatch
197,198,157,158,16,16,83,83,9,9,3038,3039,3098,3099,0,0,38,38,51,59,195,203,0.358,0.341,ok
197,198,173,174,9,9,53,53,6,6,2558,2559,2618,2619,0,0,42,42,35,43,179,187,0.727,0.657,ok
198,198,158,158,16,16,83,83,9,9,3039,3040,3099,3100,1,1,56,56,10,10,209,209,0.36,0.342,ok
198,198,174,174,9,9,53,53,6,6,2559,2560,2619,2620,1,1,26,18,0,0,193,193,0.73,0.66,motion_mismatch
198,199,158,159,16,16,83,83,9,9,3040,3041,3100,3101,0,0,38,38,50,58,194,202,0.358,0.341,ok
198,199,174,175,9,9,53,53,6,6,2560,2561,2620,2621,0,0,42,48,34,42,178,186,0.737,0.677,motion_mismatch
199,199,159,159,16,16,83,83,9,9,3041,3042,3101,3102,1,1,56,56,9,9,208,208,0.36,0.342,ok
199,199,175,175,9,9,53,53,6,6,2561,2562,2621,2622,1,1,25,17,0,0,192,192,0.732,0.665,motion_mismatch
199,200,159,160,16,16,83,84,9,9,3042,3043,3102,3103,0,0,38,38,49,57,193,201,0.358,0.341,ok
199,200,175,176,9,9,53,54,6,6,2562,2563,2622,2623,0,0,42,42,33,41,177,185,0.729,0.662,ok
200,200,160,160,16,16,84,84,9,9,3043,3044,3103,3104,1,1,56,56,8,8,207,207,0.36,0.342,ok
200,200,176,176,9,9,54,54,6,6,2563,2564,2623,2624,1,1,24,20,56,88,191,191,0.732,1.928,ok
200,201,160,161,16,16,84,84,9,9,3044,3045,3104,3105,0,0,38,38,48,56,192,200,0.358,0.341,ok
200,201,176,177,9,9,54,54,6,6,2564,2565,2624,2625,0,0,42,46,32,40,176,184,0.729,1.919,ok
201,201,161,161,16,16,84,84,9,9,3045,3046,3105,3106,1,1,56,56,7,7,206,206,0.36,0.342,ok
201,201,177,177,9,9,54,54,6,6,2565,2566,2625,2626,1,1,24,16,55,87,190,190,0.732,0.665,motion_mismatch
201,202,161,162,16,16,84,84,9,9,3046,3047,3106,3107,0,0,38,38,47,55,191,199,0.358,0.341,ok
201,202,177,178,9,9,54,54,6,6,2566,2567,2626,2627,0,0,43,42,31,39,223,183,0.735,0.662,ok
202,202,162,162,16,16,84,84,9,9,3047,3048,3107,3108,1,1,56,56,6,6,205,205,0.36,0.342,ok
202,202,178,178,9,9,54,54,6,6,2567,2568,2627,2628,1,1,24,16,54,86,189,189,0.738,0.665,motion_mismatch
202,203,162,163,16,16,84,84,9,9,3048,3049,3108,3109,0,0,38,38,46,54,190,198,0.358,0.341,ok
202,203,178,179,9,9,54,54,6,6,2568,2569,2628,2629,0,0,44,48,30,38,223,182,0.757,0.68,ok
203,203,163,163,16,16,84,84,9,9,3049,3050,3109,3110,1,1,56,56,5,5,204,204,0.36,0.342,ok
203,203,179,179,9,9,54,54,6,6,2569,2570,2629,2630,1,1,24,16,53,85,188,188,0.748,0.66,motion_mismatch
203,204,163,164,16,16,84,84,9,9,3050,3051,3110,3111,0,0,38,38,45,53,189,197,0.358,0.341,ok
203,204,179,180,9,9,54,54,6,6,2570,2571,2630,2631,0,0,44,42,29,37,222,181,0.745,0.657,ok
204,204,164,164,16,16,84,84,9,9,3051,3052,3111,3112,1,1,56,56,4,4,203,203,0.36,0.342,ok
204,204,180,180,9,9,54,54,6,6,2571,2572,2631,2632,1,1,24,16,52,84,187,187,0.748,0.66,motion_mismatch
204,205,164,165,16,16,84,84,9,9,3052,3053,3112,3113,0,0,38,38,44,52,188,196,0.358,0.341,ok
204,205,180,181,9,9,54,54,6,6,2572,2573,2632,2633,0,0,44,42,28,36,221,180,0.745,0.657,ok
205,205,165,165,16,16,84,84,9,9,3053,3054,3113,3114,1,1,56,56,3,3,202,202,0.36,0.342,ok
205,205,181,181,9,9,54,54,6,6,2573,2574,2633,2634,1,1,24,16,51,83,186,186,0.748,0.66,motion_mismatch
205,206,165,166,16,16,84,84,9,9,3054,3055,3114,3115,0,0,38,38,43,51,187,195,0.358,0.341,ok
205,206,181,182,9,9,54,54,6,6,2574,2575,2634,2635,0,0,44,42,27,35,220,179,0.745,0.657,ok
206,206,166,166,16,16,84,84,9,9,3055,3056,3115,3116,1,1,56,56,2,2,201,201,0.36,0.342,ok
206,206,182,182,9,9,54,54,6,6,2575,2576,2635,2636,1,1,24,16,50,82,185,185,0.748,0.66,motion_mismatch
206,207,166,167,16,16,84,84,9,9,3056,3057,3116,3117,0,0,38,38,42,50,186,194,0.358,0.341,ok
206,207,182,183,9,9,54,54,6,6,2576,2577,2636,2637,0,0,44,48,26,34,219,178,0.755,0.677,ok
207,207,167,167,16,16,84,84,9,9,3057,3058,3117,3118,1,1,56,56,1,1,200,200,0.36,0.342,ok
207,207,183,183,9,9,54,54,6,6,2577,2578,2637,2638,1,1,24,18,49,34,184,184,0.75,0.684,motion_mismatch
207,208,167,168,16,16,84,85,9,10,3058,3059,3118,3119,0,0,38,38,41,49,185,193,0.358,0.341,ok
207,208,183,184,9,9,54,55,6,6,2578,2579,2638,2639,0,0,44,42,25,33,218,177,0.747,0.681,ok
208,208,168,168,16,16,85,85,10,10,3059,3060,3119,3120,1,1,56,56,0,0,199,199,0.36,0.342,ok
208,208,184,184,9,9,55,55,6,6,2579,2580,2639,2640,1,1,24,29,48,80,183,214,0.75,4.859,motion_mismatch
208,209,168,169,16,16,85,85,10,10,3060,3061,3120,3121,0,0,38,38,40,48,184,192,0.358,0.263,ok
208,209,184,185,9,9,55,55,6,6,2580,2581,2640,2641,0,0,44,38,24,96,217,214,0.747,1.56,motion_mismatch
209,209,169,169,16,16,85,85,10,10,3061,3062,3121,3122,1,1,55,65,0,0,198,198,0.36,0.265,motion_mismatch
209,209,185,185,9,9,55,55,6,6,2581,2582,2641,2642,1,1,24,33,47,32,182,181,0.75,3.634,motion_mismatch
209,210,169,170,16,16,85,85,10,10,3062,3063,3122,3123,0,0,38,38,39,47,183,191,0.358,0.341,ok
209,210,185,186,9,9,55,55,6,6,2582,2583,2642,2643,0,0,44,43,23,31,216,223,0.747,0.679,ok
210,210,170,170,16,16,85,85,10,10,3063,3064,3123,3124,1,1,54,54,0,0,197,197,0.36,0.342,ok
210,210,186,186,9,9,55,55,6,6,2583,2584,2643,2644,1,1,24,21,46,31,181,181,0.75,0.682,ok
210,211,170,171,16,16,85,85,10,10,3064,3065,3124,3125,0,0,38,38,38,46,182,190,0.358,0.341,ok
210,211,186,187,9,9,55,55,6,6,2584,2585,2644,2645,0,0,44,50,22,30,215,223,0.757,0.698,motion_mismatch
211,211,171,171,16,16,85,85,10,10,3065,3066,3125,3126,1,1,53,53,0,0,196,196,0.36,0.342,ok
211,211,187,187,9,9,55,55,6,6,2585,2586,2645,2646,1,1,24,16,45,77,180,180,0.748,0.677,motion_mismatch
211,212,171,172,16,16,85,85,10,10,3066,3067,3126,3127,0,0,38,38,37,45,181,189,0.358,0.341,ok
211,212,187,188,9,9,55,55,6,6,2586,2587,2646,2647,0,0,44,44,21,29,214,222,0.745,0.674,ok
212,212,172,172,16,16,85,85,10,10,3067,3068,3127,3128,1,1,52,52,0,0,195,195,0.36,0.342,ok
212,212,188,188,9,9,55,55,6,6,2587,2588,2647,2648,1,1,24,23,44,29,179,179,0.748,0.748,ok
212,213,172,173,16,16,85,85,10,10,3068,3069,3128,3129,0,0,38,38,36,44,180,188,0.358,0.341,ok
212,213,188,189,9,9,55,55,6,6,2588,2589,2648,2649,0,0,45,47,20,28,223,221,0.774,0.742,ok
213,213,173,173,16,16,85,85,10,10,3069,3070,3129,3130,1,1,51,51,0,0,194,194,0.36,0.342,ok
213,213,189,189,9,9,55,55,6,6,2589,2590,2649,2650,1,1,24,18,43,31,178,178,0.778,0.67,motion_mismatch
213,214,173,174,16,16,85,85,10,10,3070,3071,3130,3131,0,0,38,38,35,43,179,187,0.358,0.341,ok
213,214,189,190,9,9,55,55,6,6,2590,2591,2650,2651,0,0,46,44,19,27,223,220,0.791,0.674,ok
214,214,174,174,16,16,85,85,10,10,3071,3072,3131,3132,1,1,50,50,0,0,193,193,0.36,0.342,ok
214,214,190,190,9,9,55,55,6,6,2591,2592,2651,2652,1,1,24,21,42,27,177,177,0.794,0.73,ok
214,215,174,175,16,16,85,85,10,10,3072,3073,3132,3133,0,0,38,38,34,42,178,186,0.358,0.341,ok
214,215,190,191,9,9,55,55,6,6,2592,2593,2652,2653,0,0,47,50,18,26,223,219,0.817,0.808,ok
215,215,175,175,16,16,85,85,10,10,3073,3074,3133,3134,1,1,49,49,0,0,192,192,0.36,0.342,ok
215,215,191,191,9,9,55,55,6,6,2593,2594,2653,2654,1,1,24,25,41,26,176,176,0.813,0.718,ok
215,216,175,176,16,16,85,86,10,10,3074,3075,3134,3135,0,0,38,38,33,41,177,185,0.358,0.341,ok
215,216,191,192,9,9,55,56,6,6,2594,2595,2654,2655,0,0,48,44,17,25,223,218,0.818,0.679,ok
216,216,176,176,16,16,86,86,10,10,3075,3076,3135,3136,1,1,48,48,0,0,191,191,0.36,0.342,ok
216,216,192,192,9,9,56,56,6,6,2595,2596,2655,2656,1,1,24,25,40,25,175,175,0.822,2.794,ok
216,216,208,208,5,5,26,26,2,2,2115,2116,2175,2176,1,1,50,96,0,0,223,223,0.44,1.484,motion_mismatch
216,217,176,177,16,16,86,86,10,10,3076,3077,3136,3137,0,0,38,38,32,40,176,184,0.358,0.341,ok
216,217,192,193,9,9,56,56,6,6,2596,2597,2656,2657,0,0,49,54,16,24,223,217,0.827,2.835,motion_mismatch
216,217,208,209,5,5,26,26,2,2,2116,2117,2176,2177,0,0,33,33,128,136,208,216,0.453,0.427,ok
217,217,177,177,16,16,86,86,10,10,3077,3078,3137,3138,1,1,47,47,0,0,190,190,0.36,0.342,ok
217,217,193,193,9,9,56,56,6,6,2597,2598,2657,2658,1,1,24,28,39,24,174,174,0.831,0.796,ok
217,217,209,209,5,5,26,26,2,2,2117,2118,2177,2178,1,1,49,49,0,0,222,222,0.434,0.411,ok
217,218,177,178,16,16,86,86,10,10,3078,3079,3138,3139,0,0,39,38,31,39,223,183,0.365,0.341,ok
217,218,193,194,9,9,56,56,6,6,2598,2599,2658,2659,0,0,50,46,15,23,223,216,0.838,0.737,ok
217,218,209,210,5,5,26,26,2,2,2118,2119,2178,2179,0,0,33,33,127,135,207,215,0.432,0.409,ok
218,218,178,178,16,16,86,86,10,10,3079,3080,3139,3140,1,1,46,46,0,0,189,189,0.367,0.342,ok
218,218,194,194,9,9,56,56,6,6,2599,2600,2659,2660,1,1,24,19,38,26,173,173,0.842,0.67,motion_mismatch
218,218,210,210,5,5,26,26,2,2,2119,2120,2179,2180,1,1,48,48,0,0,221,221,0.434,0.411,ok
218,219,178,179,16,16,86,86,10,10,3080,3081,3140,3141,0,0,39,38,30,38,222,182,0.365,0.341,ok
218,219,194,195,9,9,56,56,6,6,2600,2601,2660,2661,0,0,50,50,14,22,222,215,0.847,0.71,ok
218,219,210,211,5,5,26,26,2,2,2120,2121,2180,2181,0,0,33,33,126,134,206,214,0.489,0.472,ok
219,219,179,179,16,16,86,86,10,10,3081,3082,3141,3142,1,1,45,45,0,0,188,188,0.367,0.342,ok
219,219,195,195,9,9,56,56,6,6,2601,2602,2661,2662,1,1,24,26,37,22,172,172,0.839,0.791,ok
219,219,211,211,5,5,26,26,2,2,2121,2122,2181,2182,1,1,47,47,0,0,220,220,0.427,0.396,ok
219,220,179,180,16,16,86,86,10,10,3082,3083,3142,3143,0,0,40,38,29,37,223,181,0.378,0.341,ok
219,220,195,196,9,9,56,56,6,6,2602,2603,2662,2663,0,0,50,49,13,21,221,214,0.836,0.769,ok
219,220,211,212,5,5,26,26,2,2,2122,2123,2182,2183,0,0,33,33,125,133,205,213,0.425,0.395,ok
220,220,180,180,16,16,86,86,10,10,3083,3084,3143,3144,1,1,44,44,0,0,187,187,0.38,0.342,ok
220,220,196,196,9,9,56,56,6,6,2603,2604,2663,2664,1,1,24,25,36,21,171,171,0.839,0.671,ok
220,220,212,212,5,5,26,26,2,2,2123,2124,2183,2184,1,1,46,46,0,0,219,219,0.427,0.396,ok
220,221,180,181,16,16,86,86,10,10,3084,3085,3144,3145,0,0,41,38,28,36,223,180,0.381,0.341,ok
220,221,196,197,9,9,56,56,6,6,2604,2605,2664,2665,0,0,50,46,12,20,220,223,0.836,1.096,ok
220,221,212,213,5,5,26,26,2,2,2124,2125,2184,2185,0,0,33,33,124,132,204,212,0.44,0.41,ok
221,221,181,181,16,16,86,86,10,10,3085,3086,3145,3146,1,1,43,43,0,0,186,186,0.383,0.342,ok
221,221,197,197,9,9,56,56,6,6,2605,2606,2665,2666,1,1,24,24,35,20,170,170,0.839,1.172,ok
221,221,213,213,5,5,26,26,2,2,2125,2126,2185,2186,1,1,45,45,0,0,218,218,0.422,0.393,ok
221,222,181,182,16,16,86,86,10,10,3086,3087,3146,3147,0,0,42,38,27,35,223,179,0.394,0.341,ok
221,222,197,198,9,9,56,56,6,6,2606,2607,2666,2667,0,0,50,52,11,19,219,223,0.836,0.839,ok
221,222,213,214,5,5,26,26,2,2,2126,2127,2186,2187,0,0,33,33,123,131,203,211,0.42,0.391,ok
222,222,182,182,16,16,86,86,10,10,3087,3088,3147,3148,1,1,42,42,0,0,185,185,0.396,0.342,ok
222,222,198,198,9,9,56,56,6,6,2607,2608,2667,2668,1,1,24,29,34,19,169,169,0.839,0.764,motion_mismatch
222,222,214,214,5,5,26,26,2,2,2127,2128,2187,2188,1,1,44,44,0,0,217,217,0.422,0.393,ok
222,223,182,183,16,16,86,86,10,10,3088,3089,3148,3149,0,0,42,38,26,34,222,178,0.394,0.341,ok
222,223,198,199,9,9,56,56,6,6,2608,2609,2668,2669,0,0,50,54,10,18,218,223,0.846,1.143,ok
222,223,214,215,5,5,26,26,2,2,2128,2129,2188,2189,0,0,33,33,122,130,202,210,0.489,0.472,ok
223,223,183,183,16,16,86,86,10,10,3089,3090,3149,3150,1,1,41,41,0,0,184,184,0.396,0.342,ok
223,223,199,199,9,9,56,56,6,6,2609,2610,2669,2670,1,1,24,28,33,18,168,168,0.842,0.779,ok
223,223,215,215,5,5,26,26,2,2,2129,2130,2189,2190,1,1,43,43,0,0,216,216,0.44,0.414,ok
223,224,183,184,16,16,86,87,10,10,3090,3091,3150,3151,0,0,42,38,25,33,221,177,0.394,0.341,ok
223,224,199,200,9,9,56,57,6,6,2610,2611,2670,2671,0,0,50,58,9,17,217,223,0.838,2.225,motion_mismatch
223,224,215,216,5,5,26,27,2,2,2130,2131,2190,2191,0,0,33,33,121,129,201,209,0.438,0.412,ok
224,224,184,184,16,16,87,87,10,10,3091,3092,3151,3152,1,1,40,40,48,48,183,183,0.396,0.342,ok
224,224,200,200,9,9,57,57,6,6,2611,2612,2671,2672,1,1,24,48,32,17,167,167,0.842,7.072,motion_mismatch
224,224,216,216,5,5,27,27,2,2,2131,2132,2191,2192,1,1,42,42,0,0,215,215,0.44,0.414,ok
224,225,184,185,16,16,87,87,10,10,3092,3093,3152,3153,0,0,42,38,24,32,220,176,0.394,0.341,ok
224,225,200,201,9,9,57,57,6,6,2612,2613,2672,2673,0,0,50,44,8,27,216,223,0.838,0.571,motion_mismatch
224,225,216,217,5,5,27,27,2,2,2132,2133,2192,2193,0,0,33,33,120,128,200,208,0.453,0.427,ok
225,225,185,185,16,16,87,87,10,10,3093,3094,3153,3154,1,1,40,40,47,47,182,182,0.396,0.342,ok
225,225,201,201,9,9,57,57,6,6,2613,2614,2673,2674,1,1,25,44,31,16,223,223,0.842,0.502,motion_mismatch
225,225,217,217,5,5,27,27,2,2,2133,2134,2193,2194,1,1,41,41,0,0,214,214,0.434,0.411,ok
225,226,185,186,16,16,87,87,10,10,3094,3095,3154,3155,0,0,42,40,23,31,219,223,0.394,0.355,ok
225,226,201,202,9,9,57,57,6,6,2614,2615,2674,2675,0,0,50,53,7,15,215,223,0.838,0.775,ok
225,226,217,218,5,5,27,27,2,2,2134,2135,2194,2195,0,0,33,33,119,127,199,207,0.432,0.409,ok
226,226,186,186,16,16,87,87,10,10,3095,3096,3155,3156,1,1,40,43,46,33,181,181,0.396,0.357,ok
226,226,202,202,9,9,57,57,6,6,2615,2616,2675,2676,1,1,26,38,30,15,223,223,0.842,0.839,motion_mismatch
226,226,218,218,5,5,27,27,2,2,2135,2136,2195,2196,1,1,40,40,0,0,213,213,0.434,0.411,ok
226,227,186,187,16,16,87,87,10,10,3096,3097,3156,3157,0,0,42,39,22,30,218,222,0.394,0.347,ok
226,227,202,203,9,9,57,57,6,6,2616,2617,2676,2677,0,0,50,56,6,14,214,222,0.847,0.779,motion_mismatch
226,227,218,219,5,5,27,27,2,2,2136,2137,2196,2197,0,0,33,33,118,126,198,206,0.489,0.472,ok
227,227,187,187,16,16,87,87,10,10,3097,3098,3157,3158,1,1,40,40,45,45,180,180,0.396,0.348,ok
227,227,203,203,9,9,57,57,6,6,2617,2618,2677,2678,1,1,27,36,29,14,223,223,0.839,0.68,motion_mismatch
227,227,219,219,5,5,27,27,2,2,2137,2138,2197,2198,1,1,39,39,0,0,212,212,0.427,0.396,ok
227,228,187,188,16,16,87,87,10,10,3098,3099,3158,3159,0,0,43,40,21,29,223,223,0.406,0.359,ok
227,228,203,204,9,9,57,57,6,6,2618,2619,2678,2679,0,0,50,50,5,13,213,221,0.836,0.651,ok
227,228,219,220,5,5,27,27,2,2,2138,2139,2198,2199,0,0,33,33,117,125,197,205,0.425,0.395,ok
228,228,188,188,16,16,87,87,10,10,3099,3100,3159,3160,1,1,40,45,44,31,179,179,0.408,0.445,motion_mismatch
228,228,204,204,9,9,57,57,6,6,2619,2620,2679,2680,1,1,28,41,28,13,223,223,0.839,0.755,motion_mismatch
228,228,220,220,5,5,27,27,2,2,2139,2140,2199,2200,1,1,38,38,0,0,211,211,0.427,0.396,ok
228,229,188,189,16,16,87,87,10,10,3100,3101,3160,3161,0,0,44,43,20,28,223,223,0.43,0.446,ok
228,229,204,205,9,9,57,57,6,6,2620,2621,2680,2681,0,0,50,55,4,12,212,220,0.836,0.814,motion_mismatch
228,229,220,221,5,5,27,27,2,2,2140,2141,2200,2201,0,0,33,33,116,124,196,204,0.44,0.41,ok
229,229,189,189,16,16,87,87,10,10,3101,3102,3161,3162,1,1,40,40,43,43,178,178,0.432,0.363,ok
229,229,205,205,9,9,57,57,6,6,2621,2622,2681,2682,1,1,29,38,27,12,223,223,0.839,0.712,motion_mismatch
229,229,221,221,5,5,27,27,2,2,2141,2142,2201,2202,1,1,37,37,0,0,210,210,0.422,0.393,ok
229,230,189,190,16,16,87,87,10,10,3102,3103,3162,3163,0,0,45,42,19,27,223,223,0.455,0.373,ok
229,230,205,206,9,9,57,57,6,6,2622,2623,2682,2683,0,0,50,50,3,11,211,219,0.836,0.637,ok
229,230,221,222,5,5,27,27,2,2,2142,2143,2202,2203,0,0,33,33,115,123,195,203,0.42,0.391,ok
230,230,190,190,16,16,87,87,10,10,3103,3104,3163,3164,1,1,40,42,42,29,177,177,0.457,0.401,ok
230,230,206,206,9,9,57,57,6,6,2623,2624,2683,2684,1,1,30,39,26,11,223,223,0.839,0.636,motion_mismatch
230,230,222,222,5,5,27,27,2,2,2143,2144,2203,2204,1,1,36,36,0,0,209,209,0.422,0.393,ok
230,231,190,191,16,16,87,87,10,10,3104,3105,3164,3165,0,0,46,44,18,26,223,222,0.479,0.466,ok
230,231,206,207,9,9,57,57,6,6,2624,2625,2684,2685,0,0,50,56,2,10,210,218,0.846,0.779,motion_mismatch
230,231,222,223,5,5,27,27,2,2,2144,2145,2204,2205,0,0,33,33,114,122,194,202,0.489,0.472,ok
231,231,191,191,16,16,87,87,10,10,3105,3106,3165,3166,1,1,40,47,41,28,176,176,0.481,0.443,motion_mismatch
231,231,207,207,9,9,57,57,6,6,2625,2626,2685,2686,1,1,31,43,25,10,223,223,0.842,0.766,motion_mismatch
231,231,223,223,5,5,27,27,2,2,2145,2146,2205,2206,1,1,35,35,0,0,208,208,0.44,0.414,ok
231,232,191,192,16,16,87,88,10,10,3106,3107,3166,3167,0,0,47,42,17,25,223,221,0.503,0.373,motion_mismatch
231,232,207,208,9,10,57,58,6,6,2626,2627,2686,2687,0,0,50,50,1,9,209,217,0.838,0.664,ok
231,232,223,224,5,5,27,28,2,2,2146,2147,2206,2207,0,0,33,33,113,121,193,201,0.438,0.412,ok
232,232,192,192,16,16,88,88,10,10,3107,3108,3167,3168,1,1,40,40,40,40,175,175,0.505,0.375,ok
232,232,208,208,10,10,58,58,6,6,2627,2628,2687,2688,1,1,32,41,24,9,223,223,0.842,0.66,motion_mismatch
232,232,224,224,5,5,28,28,2,2,2147,2148,2207,2208,1,1,34,34,0,0,207,207,0.44,0.414,ok
232,233,192,193,16,16,88,88,10,10,3108,3109,3168,3169,0,0,48,44,16,24,223,220,0.527,0.407,ok
232,233,208,209,10,10,58,58,6,6,2628,2629,2688,2689,0,0,50,50,0,8,208,216,0.838,0.675,ok
232,233,224,225,5,5,28,28,2,2,2148,2149,2208,2209,0,0,33,33,112,120,192,200,0.453,0.427,ok
233,233,193,193,16,16,88,88,10,10,3109,3110,3169,3170,1,1,40,50,39,26,174,174,0.529,0.471,motion_mismatch
233,233,209,209,10,10,58,58,6,6,2629,2630,2689,2690,1,1,33,43,23,8,223,223,0.827,0.714,motion_mismatch
233,233,225,225,5,5,28,28,2,2,2149,2150,2209,2210,1,1,33,33,63,63,206,206,0.434,0.411,ok
233,234,193,194,16,16,88,88,10,10,3110,3111,3170,3171,0,0,49,42,15,23,223,219,0.543,0.438,motion_mismatch
233,234,209,210,10,10,58,58,6,6,2630,2631,2690,2691,0,0,49,50,0,7,207,215,0.823,0.72,ok
233,234,225,226,5,5,28,28,2,2,2150,2151,2210,2211,0,0,33,33,111,119,191,199,0.432,0.409,ok
234,234,194,194,16,16,88,88,10,10,3111,3112,3171,3172,1,1,40,41,38,35,173,173,0.545,0.372,ok
234,234,210,210,10,10,58,58,6,6,2631,2632,2691,2692,1,1,34,43,22,7,223,223,0.812,0.652,motion_mismatch
234,234,226,226,5,5,28,28,2,2,2151,2152,2211,2212,1,1,33,33,62,62,205,205,0.434,0.411,ok
234,235,194,195,16,16,88,88,10,10,3112,3113,3172,3173,0,0,49,43,14,22,222,218,0.543,0.382,motion_mismatch
234,235,210,211,10,10,58,58,6,6,2632,2633,2692,2693,0,0,48,55,0,7,206,214,0.818,0.659,motion_mismatch
234,235,226,227,5,5,28,28,2,2,2152,2153,2212,2213,0,0,33,33,110,118,190,198,0.489,0.472,ok
235,235,195,195,16,16,88,88,10,10,3113,3114,3173,3174,1,1,40,47,37,24,172,172,0.545,0.451,motion_mismatch
235,235,211,211,10,10,58,58,6,6,2633,2634,2693,2694,1,1,35,44,21,6,223,223,0.796,0.642,motion_mismatch
235,235,227,227,5,5,28,28,2,2,2153,2154,2213,2214,1,1,33,33,61,61,204,204,0.427,0.396,ok
235,236,195,196,16,16,88,88,10,10,3114,3115,3174,3175,0,0,49,43,13,21,221,223,0.543,0.485,motion_mismatch
235,236,211,212,10,10,58,58,6,6,2634,2635,2694,2695,0,0,47,50,0,5,205,213,0.793,0.677,ok
235,236,227,228,5,5,28,28,2,2,2154,2155,2214,2215,0,0,33,33,109,117,189,197,0.425,0.395,ok
236,236,196,196,16,16,88,88,10,10,3115,3116,3175,3176,1,1,40,48,36,23,171,171,0.545,0.403,motion_mismatch
236,236,212,212,10,10,58,58,6,6,2635,2636,2695,2696,1,1,36,45,20,5,223,223,0.764,0.68,motion_mismatch
236,236,228,228,5,5,28,28,2,2,2155,2156,2215,2216,1,1,33,33,60,60,203,203,0.427,0.396,ok
236,237,196,197,16,16,88,88,10,10,3116,3117,3176,3177,0,0,49,44,12,20,220,223,0.543,0.395,motion_mismatch
236,237,212,213,10,10,58,58,6,6,2636,2637,2696,2697,0,0,46,49,0,5,204,212,0.76,0.628,ok
236,237,228,229,5,5,28,28,2,2,2156,2157,2216,2217,0,0,33,33,108,116,188,196,0.44,0.41,ok
237,237,197,197,16,16,88,88,10,10,3117,3118,3177,3178,1,1,40,45,35,22,170,170,0.545,0.469,motion_mismatch
237,237,213,213,10,10,58,58,6,6,2637,2638,2697,2698,1,1,37,47,19,4,223,223,0.741,0.684,motion_mismatch
237,237,229,229,5,5,28,28,2,2,2157,2158,2217,2218,1,1,33,33,59,59,202,202,0.422,0.393,ok
237,238,197,198,16,16,88,88,10,10,3118,3119,3178,3179,0,0,49,46,11,19,219,223,0.543,0.545,ok
237,238,213,214,10,10,58,58,6,6,2638,2639,2698,2699,0,0,45,52,6,3,203,211,0.737,0.693,motion_mismatch
237,238,229,230,5,5,28,28,2,2,2158,2159,2218,2219,0,0,33,33,107,115,187,195,0.42,0.391,ok
238,238,198,198,16,16,88,88,10,10,3119,3120,3179,3180,1,1,40,49,34,21,169,169,0.545,0.472,motion_mismatch
238,238,214,214,10,10,58,58,6,6,2639,2640,2699,2700,1,1,38,47,18,3,223,223,0.741,0.632,motion_mismatch
238,238,230,230,5,5,28,28,2,2,2159,2160,2219,2220,1,1,33,33,58,58,201,201,0.422,0.393,ok
238,239,198,199,16,16,88,88,10,10,3120,3121,3180,3181,0,0,49,46,10,18,218,223,0.543,0.457,ok
238,239,214,215,10,10,58,58,6,6,2640,2641,2700,2701,0,0,45,56,5,2,202,210,0.745,0.657,motion_mismatch
238,239,230,231,5,5,28,28,2,2,2160,2161,2220,2221,0,0,33,33,106,114,186,194,0.489,0.472,ok
239,0,199,200,16,16,88,89,10,10,3122,3123,3182,3183,0,0,49,49,9,17,217,223,0.543,0.569,ok
239,0,215,216,10,11,58,59,6,6,2642,2643,2702,2703,0,0,45,54,4,2,201,209,0.739,0.739,motion_mismatch
239,0,231,232,5,5,28,29,2,3,2162,2163,2222,2223,0,0,33,33,105,113,185,193,0.438,0.412,ok
239,239,199,199,16,16,88,88,10,10,3121,3122,3181,3182,1,1,40,46,33,20,168,168,0.545,0.485,motion_mismatch
239,239,215,215,10,10,58,58,6,6,2641,2642,2701,2702,1,1,39,48,17,2,223,223,0.742,0.677,motion_mismatch
239,239,231,231,5,5,28,28,2,2,2161,2162,2221,2222,1,1,33,33,57,57,200,200,0.44,0.414,ok
