nesFrame,genFrame,phase,subphase,curV,lineCounter,textIndex,vramHi,vramLo,nesSprites,genSprites,maskRaw,firstChangedRow,lastChangedRow,changedRowCount,nesVsram0,genVsram0,genHintQ,genHintPend,genMode,genActiveSeg,genActiveBase,genActiveEvent,nesAttrIndex,genAttrIndex,nesItemRow,genItemRow
3123,3183,1,2,0,200,16,32,224,8,8,0.00927734375,9,223,122,65535,247,0,0,0,5,247,247,89,89,10,10
2643,2703,1,2,0,216,11,40,224,8,8,0.014561244419642858,0,223,124,65535,7,0,0,0,5,7,7,59,59,6,6
2163,2223,1,2,0,232,5,32,224,6,6,0.012189592633928572,57,199,76,65535,247,0,0,0,5,247,247,29,29,3,3
3125,3185,1,2,1,201,16,32,224,8,8,0.009870256696428572,8,223,123,65535,248,0,0,0,5,248,248,89,89,10,10
2645,2705,1,2,1,217,11,40,224,6,6,0.013009207589285714,1,222,122,65535,8,0,0,0,5,8,8,59,59,6,6
2165,2225,1,2,1,233,5,32,224,6,6,0.012172154017857142,56,198,76,65535,248,0,0,0,5,248,248,29,29,3,3
3127,3187,1,2,2,202,16,32,224,8,8,0.009783063616071428,7,223,124,65535,249,0,0,0,5,249,249,89,89,10,10
2647,2707,1,2,2,218,11,40,224,6,6,0.011404854910714286,15,221,107,65535,9,0,0,0,5,9,9,59,59,6,6
2167,2227,1,2,2,234,5,32,224,8,6,0.012172154017857142,55,197,76,65535,249,0,0,0,5,249,249,29,29,3,3
3129,3189,1,2,3,203,16,32,224,8,8,0.0098876953125,6,223,125,65535,250,0,0,0,5,250,250,89,89,10,10
2649,2709,1,2,3,219,11,40,224,6,6,0.011404854910714286,14,220,107,65535,10,0,0,0,5,10,10,59,59,6,6
2169,2229,1,2,3,235,5,32,224,8,6,0.011474609375,54,196,76,65535,250,0,0,0,5,250,250,29,29,3,3
3131,3191,1,2,4,204,16,32,224,8,8,0.010062081473214286,5,223,126,65535,251,0,0,0,5,251,251,89,89,10,10
2651,2711,1,2,4,220,11,40,224,6,6,0.011404854910714286,13,219,107,65535,11,0,0,0,5,11,11,59,59,6,6
2171,2231,1,2,4,236,5,32,224,8,6,0.011474609375,53,195,76,65535,251,0,0,0,5,251,251,29,29,3,3
3133,3193,1,2,5,205,16,32,224,8,8,0.009608677455357142,4,223,127,65535,252,0,0,0,5,252,252,89,89,10,10
2653,2713,1,2,5,221,11,40,224,6,6,0.011404854910714286,12,218,107,65535,12,0,0,0,5,12,12,59,59,6,6
2173,2233,1,2,5,237,5,32,224,8,6,0.011457170758928572,52,194,76,65535,252,0,0,0,5,252,252,29,29,3,3
3135,3195,1,2,6,206,16,32,224,8,8,0.010062081473214286,3,223,128,65535,253,0,0,0,5,253,253,89,89,10,10
2655,2715,1,2,6,222,11,40,224,6,6,0.011404854910714286,11,217,107,65535,13,0,0,0,5,13,13,59,59,6,6
2175,2235,1,2,6,238,5,32,224,8,6,0.011457170758928572,51,193,76,65535,253,0,0,0,5,253,253,29,29,3,3
3137,3197,1,2,7,207,16,32,224,8,8,0.009259905133928572,2,223,129,65535,254,0,0,0,5,254,254,89,89,10,10
2657,2717,1,2,7,223,11,40,224,6,6,0.011404854910714286,10,216,107,65535,14,0,0,0,5,14,14,59,59,6,6
2177,2237,1,2,7,239,5,32,224,8,6,0.012189592633928572,50,192,76,65535,254,0,0,0,5,254,254,29,29,3,3
3139,3199,1,2,8,208,17,33,0,8,8,0.010062081473214286,1,223,130,65535,255,0,0,0,5,255,255,90,90,10,10
2659,2719,1,2,8,224,11,41,0,6,6,0.011404854910714286,9,215,107,65535,15,0,0,0,5,15,15,60,60,6,6
2179,2239,1,2,8,240,5,33,0,8,6,0.012189592633928572,49,191,76,65535,255,0,0,0,5,255,255,30,30,3,3
2661,2721,1,2,9,225,11,41,0,6,6,0.011404854910714286,8,214,107,65535,16,0,0,0,5,16,16,60,60,6,6
2181,2241,1,2,9,241,5,33,0,8,6,0.012172154017857142,48,190,76,65535,256,0,0,0,5,256,256,30,30,3,3
2663,2723,1,2,10,226,11,41,0,6,6,0.011404854910714286,7,213,107,65535,17,0,0,0,5,17,17,60,60,6,6
2183,2243,1,2,10,242,5,33,0,8,6,0.012241908482142858,47,223,77,65535,257,0,0,0,5,257,257,30,30,3,3
2665,2725,1,2,11,227,11,41,0,6,6,0.011404854910714286,6,212,107,65535,18,0,0,0,5,18,18,60,60,6,6
2185,2245,1,2,11,243,5,33,0,8,6,0.011683872767857142,46,223,78,65535,258,0,0,0,5,258,258,30,30,3,3
2667,2727,1,2,12,228,11,41,0,6,6,0.011404854910714286,5,211,107,65535,19,0,0,0,5,19,19,60,60,6,6
2187,2247,1,2,12,244,5,33,0,8,6,0.011893136160714286,45,223,79,65535,259,0,0,0,5,259,259,30,30,3,3
2669,2729,1,2,13,229,11,41,0,6,6,0.011404854910714286,4,210,107,65535,20,0,0,0,5,20,20,60,60,6,6
2189,2249,1,2,13,245,5,33,0,8,6,0.0120849609375,44,223,80,65535,260,0,0,0,5,260,260,30,30,3,3
2671,2731,1,2,14,230,11,41,0,6,6,0.011404854910714286,3,209,107,65535,21,0,0,0,5,21,21,60,60,6,6
2191,2251,1,2,14,246,5,33,0,8,6,0.0123291015625,43,223,81,65535,261,0,0,0,5,261,261,30,30,3,3
2673,2733,1,2,15,231,11,41,0,6,6,0.011404854910714286,2,208,107,65535,22,0,0,0,5,22,22,60,60,6,6
2193,2253,1,2,15,247,5,33,0,8,6,0.0133056640625,42,223,82,65535,262,0,0,0,5,262,262,30,30,3,3
2675,2735,1,2,16,232,11,41,32,6,6,0.011404854910714286,1,207,107,65535,23,0,0,0,5,23,23,61,61,7,7
2195,2255,1,2,16,248,5,33,32,8,6,0.0135498046875,41,223,83,65535,263,0,0,0,5,263,263,31,31,3,3
2677,2737,1,2,17,233,11,41,32,6,6,0.010899135044642858,0,206,107,65535,24,0,0,0,5,24,24,61,61,7,7
2197,2257,1,2,17,249,5,33,32,8,8,0.013776506696428572,40,223,84,65535,264,0,0,0,5,264,264,31,31,3,3
2679,2739,1,2,18,234,11,41,32,8,6,0.011404854910714286,0,205,106,65535,25,0,0,0,5,25,25,61,61,7,7
2199,2259,1,2,18,250,5,33,32,8,8,0.013985770089285714,39,223,85,65535,265,0,0,0,5,265,265,31,31,3,3
2681,2741,1,2,19,235,11,41,32,8,6,0.011404854910714286,0,204,105,65535,26,0,0,0,5,26,26,61,61,7,7
2201,2261,1,2,19,251,5,33,32,8,8,0.013532366071428572,38,223,86,65535,266,0,0,0,5,266,266,31,31,3,3
2683,2743,1,2,20,236,11,41,32,8,6,0.011404854910714286,0,203,104,65535,27,0,0,0,5,27,27,61,61,7,7
2203,2263,1,2,20,252,5,33,32,8,8,0.013706752232142858,37,223,87,65535,267,0,0,0,5,267,267,31,31,3,3
2685,2745,1,2,21,237,11,41,32,8,6,0.011404854910714286,0,202,103,65535,28,0,0,0,5,28,28,61,61,7,7
2205,2265,1,2,21,253,5,33,32,8,8,0.0137939453125,36,223,88,65535,268,0,0,0,5,268,268,31,31,3,3
2687,2747,1,2,22,238,11,41,32,8,6,0.011404854910714286,0,201,102,65535,29,0,0,0,5,29,29,61,61,7,7
2207,2267,1,2,22,254,5,33,32,8,8,0.014003208705357142,35,223,89,65535,269,0,0,0,5,269,269,31,31,3,3
2689,2749,1,2,23,239,11,41,32,8,6,0.011404854910714286,0,200,101,65535,30,0,0,0,5,30,30,61,61,7,7
2209,2269,1,2,23,255,5,33,32,8,8,0.014875139508928572,34,223,90,65535,270,0,0,0,5,270,270,31,31,3,3
2211,2271,1,2,24,0,5,33,64,8,8,0.015049525669642858,33,223,91,65535,271,0,0,0,5,271,271,32,32,3,3
2691,2751,1,2,24,240,11,41,64,8,6,0.011404854910714286,33,199,100,65535,31,0,0,0,5,31,31,62,62,7,7
2213,2273,1,2,25,1,5,33,64,8,8,0.015206473214285714,32,223,92,65535,272,0,0,0,5,272,272,32,32,3,3
2693,2753,1,2,25,241,11,41,64,8,6,0.011404854910714286,32,198,100,65535,32,0,0,0,5,32,32,62,62,7,7
2215,2275,1,2,26,2,5,33,64,8,8,0.015450613839285714,31,223,93,65535,273,0,0,0,5,273,273,32,32,3,3
2695,2755,1,2,26,242,11,41,64,8,6,0.011422293526785714,31,223,101,65535,33,0,0,0,5,33,33,62,62,7,7
2217,2277,1,2,27,3,5,33,64,8,8,0.014997209821428572,30,223,94,65535,274,0,0,0,5,274,274,32,32,3,3
2697,2757,1,2,27,243,11,41,64,8,6,0.011457170758928572,30,223,102,65535,34,0,0,0,5,34,34,62,62,7,7
2219,2279,1,2,28,4,5,33,64,8,8,0.015241350446428572,29,223,95,65535,275,0,0,0,5,275,275,32,32,3,3
2699,2759,1,2,28,244,11,41,64,8,6,0.011648995535714286,29,223,103,65535,35,0,0,0,5,35,35,62,62,7,7
2221,2281,1,2,29,5,5,33,64,8,8,0.015468052455357142,28,223,96,65535,276,0,0,0,5,276,276,32,32,3,3
2701,2761,1,2,29,245,11,41,64,8,6,0.0118408203125,28,223,104,65535,36,0,0,0,5,36,36,62,62,7,7
2223,2283,1,2,30,6,5,33,64,8,8,0.015677315848214284,27,223,97,65535,277,0,0,0,5,277,277,32,32,3,3
2703,2763,1,2,30,246,11,41,64,8,6,0.012032645089285714,27,223,105,65535,37,0,0,0,5,37,37,62,62,7,7
2225,2285,1,2,31,7,5,33,64,8,8,0.016619001116071428,26,223,98,65535,278,0,0,0,5,278,278,32,32,3,3
2705,2765,1,2,31,247,11,41,64,8,6,0.012224469866071428,26,223,106,65535,38,0,0,0,5,38,38,62,62,7,7
2227,2287,1,2,32,8,5,33,96,8,8,0.016758510044642856,25,223,99,65535,279,0,0,0,5,279,279,33,33,3,3
2707,2767,1,2,32,248,11,41,96,8,6,0.012416294642857142,25,223,107,65535,39,0,0,0,5,39,39,63,63,7,7
2229,2289,1,2,33,9,5,33,96,8,8,0.016810825892857144,24,223,100,65535,280,0,0,0,5,280,280,33,33,3,3
2709,2769,1,2,33,249,11,41,96,8,8,0.012555803571428572,24,223,108,65535,40,0,0,0,5,40,40,63,63,7,7
2231,2291,1,2,34,10,5,33,96,8,8,0.017804827008928572,23,223,101,65535,281,0,0,0,5,281,281,33,33,3,3
2711,2771,1,2,34,250,11,41,96,8,8,0.012834821428571428,23,223,109,65535,41,0,0,0,5,41,41,63,63,7,7
2233,2293,1,2,35,11,5,33,96,8,8,0.017769949776785716,22,223,102,65535,282,0,0,0,5,282,282,33,33,3,3
2713,2773,1,2,35,251,11,41,96,8,8,0.013096400669642858,22,223,110,65535,42,0,0,0,5,42,42,63,63,7,7
2235,2295,1,2,36,12,5,33,96,8,8,0.018467494419642856,21,223,103,65535,283,0,0,0,5,283,283,33,33,3,3
2715,2775,1,2,36,252,11,41,96,8,8,0.013218470982142858,21,223,111,65535,43,0,0,0,5,43,43,63,63,7,7
2237,2297,1,2,37,13,5,33,96,8,8,0.019339425223214284,20,223,104,65535,284,0,0,0,5,284,284,33,33,3,3
2717,2777,1,2,37,253,11,41,96,8,8,0.013357979910714286,20,223,112,65535,44,0,0,0,5,44,44,63,63,7,7
2239,2299,1,2,38,14,5,33,96,8,8,0.019862583705357144,19,223,105,65535,285,0,0,0,5,285,285,33,33,3,3
2719,2779,1,2,38,254,11,41,96,8,8,0.013532366071428572,19,223,113,65535,45,0,0,0,5,45,45,63,63,7,7
2241,2301,1,2,39,15,5,33,96,8,8,0.021187918526785716,18,223,106,65535,286,0,0,0,5,286,286,33,33,3,3
2721,2781,1,2,39,255,11,41,96,8,8,0.013741629464285714,18,223,114,65535,46,0,0,0,5,46,46,63,63,7,7
2723,2783,1,2,40,0,11,41,128,8,8,0.013933454241071428,17,223,115,65535,47,0,0,0,5,47,47,64,64,7,7
2243,2303,1,2,40,16,6,33,128,8,8,0.02197265625,17,223,107,65535,287,0,0,0,5,287,287,34,34,3,3
2725,2785,1,2,41,1,11,41,128,8,8,0.014107840401785714,16,223,116,65535,48,0,0,0,5,48,48,64,64,7,7
2245,2305,1,2,41,17,6,33,128,8,8,0.021798270089285716,16,222,107,65535,288,0,0,0,5,288,288,34,34,3,3
2727,2787,1,2,42,2,11,41,128,8,8,0.014317103794642858,15,223,117,65535,49,0,0,0,5,49,49,64,64,7,7
2247,2307,1,2,42,18,6,33,128,8,8,0.021955217633928572,15,221,107,65535,289,0,0,0,5,289,289,34,34,3,3
2729,2789,1,2,43,3,11,41,128,8,8,0.014299665178571428,14,223,118,65535,50,0,0,0,5,50,50,64,64,7,7
2249,2309,1,2,43,19,6,33,128,8,8,0.021257672991071428,14,220,107,65535,290,0,0,0,5,290,290,34,34,3,3
2731,2791,1,2,44,4,11,41,128,8,8,0.014840262276785714,13,223,119,65535,51,0,0,0,5,51,51,64,64,7,7
2251,2311,1,2,44,20,6,33,128,8,8,0.021257672991071428,13,219,107,65535,291,0,0,0,5,291,291,34,34,3,3
2733,2793,1,2,45,5,11,41,128,8,8,0.015049525669642858,12,223,120,65535,52,0,0,0,5,52,52,64,64,7,7
2253,2313,1,2,45,21,6,33,128,8,8,0.021240234375,12,218,107,65535,292,0,0,0,5,292,292,34,34,3,3
2735,2795,1,2,46,6,11,41,128,8,8,0.01513671875,11,223,121,65535,53,0,0,0,5,53,53,64,64,7,7
2255,2315,1,2,46,22,6,33,128,8,8,0.021240234375,11,217,107,65535,293,0,0,0,5,293,293,34,34,3,3
2737,2797,1,2,47,7,11,41,128,8,8,0.015363420758928572,10,223,122,65535,54,0,0,0,5,54,54,64,64,7,7
2257,2317,1,2,47,23,6,33,128,8,8,0.02197265625,10,216,107,65535,294,0,0,0,5,294,294,34,34,3,3
2739,2799,1,2,48,8,11,41,160,8,8,0.014508928571428572,9,223,123,65535,55,0,0,0,5,55,55,65,65,7,7
2259,2319,1,2,48,24,6,33,160,8,8,0.02197265625,9,215,107,65535,295,0,0,0,5,295,295,35,35,3,3
2741,2801,1,2,49,9,11,41,160,8,8,0.015084402901785714,8,223,124,65535,56,0,0,0,5,56,56,65,65,7,7
2261,2321,1,2,49,25,6,33,160,8,8,0.021955217633928572,8,214,107,65535,296,0,0,0,5,296,296,35,35,3,3
2743,2803,1,2,50,10,11,41,160,8,8,0.014753069196428572,7,223,125,65535,57,0,0,0,5,57,57,65,65,7,7
2263,2323,1,2,50,26,6,33,160,8,8,0.021955217633928572,7,213,107,65535,297,0,0,0,5,297,297,35,35,3,3
2745,2805,1,2,51,11,11,41,160,8,8,0.015328543526785714,6,223,126,65535,58,0,0,0,5,58,58,65,65,7,7
2265,2325,1,2,51,27,6,33,160,8,8,0.021257672991071428,6,212,107,65535,298,0,0,0,5,298,298,35,35,3,3
2747,2807,1,2,52,12,11,41,160,8,8,0.015101841517857142,5,223,127,65535,59,0,0,0,5,59,59,65,65,7,7
2267,2327,1,2,52,28,6,33,160,8,8,0.021257672991071428,5,211,107,65535,299,0,0,0,5,299,299,35,35,3,3
2749,2809,1,2,53,13,11,41,160,8,8,0.015206473214285714,4,223,128,65535,60,0,0,0,5,60,60,65,65,7,7
2269,2329,1,2,53,29,6,33,160,8,8,0.021240234375,4,210,107,65535,300,0,0,0,5,300,300,35,35,3,3
2751,2811,1,2,54,14,11,41,160,8,8,0.015433175223214286,3,223,129,65535,61,0,0,0,5,61,61,65,65,7,7
2271,2331,1,2,54,30,6,33,160,8,8,0.021240234375,3,209,107,65535,301,0,0,0,5,301,301,35,35,3,3
2753,2813,1,2,55,15,11,41,160,8,8,0.014962332589285714,2,223,130,65535,62,0,0,0,5,62,62,65,65,7,7
2273,2333,1,2,55,31,6,33,160,8,8,0.02197265625,2,208,107,65535,302,0,0,0,5,302,302,35,35,3,3
2755,2815,1,2,56,16,12,41,192,8,8,0.015345982142857142,1,223,131,65535,63,0,0,0,5,63,63,66,66,7,7
2275,2335,1,2,56,32,6,33,192,8,8,0.02197265625,1,207,107,65535,303,0,0,0,5,303,303,36,36,3,3
2757,2817,1,2,57,17,12,41,192,8,8,0.0146484375,0,222,131,65535,64,0,0,0,5,64,64,66,66,7,7
2277,2337,1,2,57,33,6,33,192,8,8,0.021955217633928572,0,206,107,65535,304,0,0,0,5,304,304,36,36,3,3
2759,2819,1,2,58,18,12,41,192,8,8,0.015154157366071428,0,223,131,65535,65,0,0,0,5,65,65,66,66,7,7
2279,2339,1,2,58,34,6,33,192,8,8,0.021920340401785716,0,205,106,65535,305,0,0,0,5,305,305,36,36,3,3
2761,2821,1,2,59,19,12,41,192,8,8,0.014543805803571428,0,223,131,65535,66,0,0,0,5,66,66,66,66,7,7
2281,2341,1,2,59,35,6,33,192,8,8,0.021083286830357144,0,204,105,65535,306,0,0,0,5,306,306,36,36,3,3
2763,2823,1,2,60,20,12,41,192,8,8,0.014910016741071428,0,223,131,65535,67,0,0,0,5,67,67,66,66,7,7
2283,2343,1,2,60,36,6,33,192,8,8,0.020664760044642856,0,203,104,65535,307,0,0,0,5,307,307,36,36,3,3
2765,2825,1,2,61,21,12,41,192,8,8,0.014683314732142858,0,223,131,65535,68,0,0,0,5,68,68,66,66,7,7
2285,2345,1,2,61,37,6,33,192,8,8,0.020298549107142856,0,202,103,65535,308,0,0,0,5,308,308,36,36,3,3
2767,2827,1,2,62,22,12,41,192,8,8,0.0146484375,0,223,131,65535,69,0,0,0,5,69,69,66,66,7,7
2287,2347,1,2,62,38,6,33,192,8,8,0.019775390625,0,201,102,65535,309,0,0,0,5,309,309,36,36,3,3
2769,2829,1,2,63,23,12,41,192,8,8,0.014334542410714286,0,223,131,65535,70,0,0,0,5,70,70,66,66,7,7
2289,2349,1,2,63,39,6,33,192,8,8,0.020368303571428572,0,200,101,65535,310,0,0,0,5,310,310,36,36,3,3
2771,2831,1,2,64,24,13,41,224,8,8,0.014195033482142858,0,223,131,65535,71,0,0,0,5,71,71,67,67,7,7
2291,2351,1,2,64,40,6,33,224,8,8,0.020124162946428572,0,199,100,65535,311,0,0,0,5,311,311,37,37,4,4
2773,2833,1,2,65,25,13,41,224,6,6,0.012677873883928572,1,222,129,65535,72,0,0,0,5,72,72,67,67,7,7
2293,2353,1,2,65,41,6,33,224,8,8,0.020036969866071428,40,198,99,65535,312,0,0,0,5,312,312,37,37,4,4
2775,2835,1,2,66,26,13,41,224,6,6,0.011195591517857142,15,221,114,65535,73,0,0,0,5,73,73,67,67,7,7
2295,2355,1,2,66,42,6,33,224,10,8,0.021030970982142856,39,223,100,65535,313,0,0,0,5,313,313,37,37,4,4
2777,2837,1,2,67,27,13,41,224,6,6,0.011195591517857142,14,220,114,65535,74,0,0,0,5,74,74,67,67,7,7
2297,2357,1,2,67,43,6,33,224,10,8,0.02099609375,38,223,101,65535,314,0,0,0,5,314,314,37,37,4,4
2779,2839,1,2,68,28,13,41,224,6,6,0.011195591517857142,13,219,114,65535,75,0,0,0,5,75,75,67,67,7,7
2299,2359,1,2,68,44,6,33,224,10,8,0.021693638392857144,37,223,102,65535,315,0,0,0,5,315,315,37,37,4,4
2781,2841,1,2,69,29,13,41,224,6,6,0.011195591517857142,12,218,114,65535,76,0,0,0,5,76,76,67,67,7,7
2301,2361,1,2,69,45,6,33,224,10,8,0.022565569196428572,36,223,103,65535,316,0,0,0,5,316,316,37,37,4,4
2783,2843,1,2,70,30,13,41,224,6,6,0.011195591517857142,11,217,114,65535,77,0,0,0,5,77,77,67,67,7,7
2303,2363,1,2,70,46,6,33,224,10,8,0.023088727678571428,35,223,104,65535,317,0,0,0,5,317,317,37,37,4,4
2785,2845,1,2,71,31,13,41,224,6,6,0.011195591517857142,10,216,114,65535,78,0,0,0,5,78,78,67,67,7,7
2305,2365,1,2,71,47,6,33,224,10,8,0.0244140625,34,223,105,65535,318,0,0,0,5,318,318,37,37,4,4
2787,2847,1,2,72,32,13,42,0,6,6,0.011195591517857142,9,215,114,65535,79,0,0,0,5,79,79,68,68,7,7
2307,2367,1,2,72,48,6,34,0,10,8,0.025198800223214284,33,223,106,65535,319,0,0,0,5,319,319,38,38,4,4
2789,2849,1,2,73,33,13,42,0,6,6,0.011195591517857142,8,214,114,65535,80,0,0,0,5,80,80,68,68,7,7
2309,2369,1,2,73,49,6,34,0,10,8,0.025181361607142856,32,222,106,65535,320,0,0,0,5,320,320,38,38,4,4
2791,2851,1,2,74,34,13,42,0,6,6,0.011195591517857142,7,213,114,65535,81,0,0,0,5,81,81,68,68,7,7
2311,2371,1,2,74,50,6,34,0,10,8,0.025320870535714284,31,223,107,65535,321,0,0,0,5,321,321,38,38,4,4
2793,2853,1,2,75,35,13,42,0,6,6,0.011195591517857142,6,212,114,65535,82,0,0,0,5,82,82,68,68,7,7
2313,2373,1,2,75,51,6,34,0,10,8,0.024693080357142856,30,223,108,65535,322,0,0,0,5,322,322,38,38,4,4
2795,2855,1,2,76,36,13,42,0,6,6,0.011195591517857142,5,211,114,65535,83,0,0,0,5,83,83,68,68,7,7
2315,2375,1,2,76,52,6,34,0,10,8,0.024832589285714284,29,223,109,65535,323,0,0,0,5,323,323,38,38,4,4
2797,2857,1,2,77,37,13,42,0,6,6,0.011195591517857142,4,210,114,65535,84,0,0,0,5,84,84,68,68,7,7
2317,2377,1,2,77,53,6,34,0,10,8,0.024954659598214284,28,223,110,65535,324,0,0,0,5,324,324,38,38,4,4
2799,2859,1,2,78,38,13,42,0,6,6,0.011195591517857142,3,209,114,65535,85,0,0,0,5,85,85,68,68,7,7
2319,2379,1,2,78,54,6,34,0,10,8,0.0250244140625,27,223,111,65535,325,0,0,0,5,325,325,38,38,4,4
2801,2861,1,2,79,39,13,42,0,6,6,0.011195591517857142,2,208,114,65535,86,0,0,0,5,86,86,68,68,7,7
2321,2381,1,2,79,55,6,34,0,10,8,0.025826590401785716,26,223,112,65535,326,0,0,0,5,326,326,38,38,4,4
2803,2863,1,2,80,40,13,42,32,6,6,0.011195591517857142,1,207,114,65535,87,0,0,0,5,87,87,69,69,8,8
2323,2383,1,2,80,56,6,34,32,10,8,0.025966099330357144,25,223,113,65535,327,0,0,0,5,327,327,39,39,4,4
2805,2865,1,2,81,41,13,42,32,6,6,0.01123046875,0,206,114,65535,88,0,0,0,5,88,88,69,69,8,8
2325,2385,1,2,81,57,6,34,32,10,10,0.026262555803571428,24,223,115,65535,328,0,0,0,5,328,328,39,39,4,4
2807,2867,1,2,82,42,13,42,32,8,6,0.011195591517857142,0,205,113,65535,89,0,0,0,5,89,89,69,69,8,8
2327,2387,1,2,82,58,6,34,32,10,10,0.0262451171875,23,223,115,65535,329,0,0,0,5,329,329,39,39,4,4
2809,2869,1,2,83,43,13,42,32,8,6,0.011195591517857142,0,204,112,65535,90,0,0,0,5,90,90,69,69,8,8
2329,2389,1,2,83,59,6,34,32,10,10,0.025739397321428572,22,223,116,65535,330,0,0,0,5,330,330,39,39,4,4
2811,2871,1,2,84,44,13,42,32,8,6,0.011195591517857142,0,203,111,65535,91,0,0,0,5,91,91,69,69,8,8
2331,2391,1,2,84,60,6,34,32,10,10,0.025966099330357144,21,223,117,65535,331,0,0,0,5,331,331,39,39,4,4
2813,2873,1,2,85,45,13,42,32,8,6,0.011195591517857142,0,202,110,65535,92,0,0,0,5,92,92,69,69,8,8
2333,2393,1,2,85,61,6,34,32,10,10,0.026210239955357144,20,223,118,65535,332,0,0,0,5,332,332,39,39,4,4
2815,2875,1,2,86,46,13,42,32,8,6,0.011195591517857142,0,201,109,65535,93,0,0,0,5,93,93,69,69,8,8
2335,2395,1,2,86,62,6,34,32,10,10,0.0262451171875,19,223,119,65535,333,0,0,0,5,333,333,39,39,4,4
2817,2877,1,2,87,47,13,42,32,8,6,0.011195591517857142,0,200,108,65535,94,0,0,0,5,94,94,69,69,8,8
2337,2397,1,2,87,63,6,34,32,10,10,0.027500697544642856,18,223,120,65535,334,0,0,0,5,334,334,39,39,4,4
2819,2879,1,2,88,48,13,42,64,8,6,0.011195591517857142,33,199,107,65535,95,0,0,0,5,95,95,70,70,8,8
2339,2399,1,2,88,64,6,34,64,10,10,0.027256556919642856,17,223,121,65535,335,0,0,0,5,335,335,40,40,4,4
2821,2881,1,2,89,49,13,42,64,8,6,0.011195591517857142,32,198,107,65535,96,0,0,0,5,96,96,70,70,8,8
2341,2401,1,2,89,65,6,34,64,10,10,0.027919224330357144,16,223,122,65535,336,0,0,0,5,336,336,40,40,4,4
2823,2883,1,2,90,50,13,42,64,8,6,0.011195591517857142,31,197,107,65535,97,0,0,0,5,97,97,70,70,8,8
2343,2403,1,2,90,66,6,34,64,10,10,0.027622767857142856,15,223,123,65535,337,0,0,0,5,337,337,40,40,4,4
2825,2885,1,2,91,51,13,42,64,8,6,0.011195591517857142,30,196,107,65535,98,0,0,0,5,98,98,70,70,8,8
2345,2405,1,2,91,67,6,34,64,10,10,0.027396065848214284,14,223,124,65535,338,0,0,0,5,338,338,40,40,4,4
2827,2887,1,2,92,52,13,42,64,8,6,0.011195591517857142,29,195,107,65535,99,0,0,0,5,99,99,70,70,8,8
2347,2407,1,2,92,68,6,34,64,10,10,0.027413504464285716,13,223,125,65535,339,0,0,0,5,339,339,40,40,4,4
2829,2889,1,2,93,53,13,42,64,8,6,0.011195591517857142,28,194,107,65535,100,0,0,0,5,100,100,70,70,8,8
2349,2409,1,2,93,69,6,34,64,10,10,0.027570452008928572,12,223,126,65535,340,0,0,0,5,340,340,40,40,4,4
2831,2891,1,2,94,54,13,42,64,8,6,0.011300223214285714,27,223,108,65535,101,0,0,0,5,101,101,70,70,8,8
2351,2411,1,2,94,70,6,34,64,10,10,0.027936662946428572,11,223,127,65535,341,0,0,0,5,341,341,40,40,4,4
2833,2893,1,2,95,55,13,42,64,8,6,0.011404854910714286,26,223,109,65535,102,0,0,0,5,102,102,70,70,8,8
2353,2413,1,2,95,71,6,34,64,10,10,0.028512137276785716,10,223,128,65535,342,0,0,0,5,342,342,40,40,4,4
2835,2895,1,2,96,56,13,42,96,8,6,0.011509486607142858,25,223,110,65535,103,0,0,0,5,103,103,71,71,8,8
2355,2415,1,2,96,72,6,34,96,10,10,0.029279436383928572,9,223,129,65535,343,0,0,0,5,343,343,41,41,4,4
2837,2897,1,2,97,57,13,42,96,8,8,0.011614118303571428,24,223,111,65535,104,0,0,0,5,104,104,71,71,8,8
2357,2417,1,2,97,73,6,34,96,10,10,0.028826032366071428,8,223,130,65535,344,0,0,0,5,344,344,41,41,4,4
2839,2899,1,2,98,58,13,42,96,8,8,0.01171875,23,223,112,65535,105,0,0,0,5,105,105,71,71,8,8
2359,2419,1,2,98,74,6,34,96,10,10,0.031162806919642856,7,223,131,65535,345,0,0,0,5,345,345,41,41,4,4
2841,2901,1,2,99,59,13,42,96,8,8,0.011823381696428572,22,223,113,65535,106,0,0,0,5,106,106,71,71,8,8
2361,2421,1,2,99,75,6,34,96,10,10,0.030779157366071428,6,223,132,65535,346,0,0,0,5,346,346,41,41,4,4
2843,2903,1,2,100,60,13,42,96,8,8,0.011928013392857142,21,223,114,65535,107,0,0,0,5,107,107,71,71,8,8
2363,2423,1,2,100,76,6,34,96,10,10,0.03278459821428571,5,223,134,65535,347,0,0,0,5,347,347,41,41,4,4
2845,2905,1,2,101,61,13,42,96,8,8,0.011893136160714286,20,223,115,65535,108,0,0,0,5,108,108,71,71,8,8
2365,2425,1,2,101,77,6,34,96,10,10,0.033290318080357144,4,223,134,65535,348,0,0,0,5,348,348,41,41,4,4
2847,2907,1,2,102,62,13,42,96,8,8,0.012119838169642858,19,223,116,65535,109,0,0,0,5,109,109,71,71,8,8
2367,2427,1,2,102,78,6,34,96,10,10,0.03520856584821429,3,223,136,65535,349,0,0,0,5,349,349,41,41,4,4
2849,2909,1,2,103,63,13,42,96,8,8,0.012189592633928572,18,223,117,65535,110,0,0,0,5,110,110,71,71,8,8
2369,2429,1,2,103,79,6,34,96,10,10,0.036167689732142856,2,223,136,65535,350,0,0,0,5,350,350,41,41,4,4
2851,2911,1,2,104,64,13,42,128,8,8,0.012276785714285714,17,223,118,65535,111,0,0,0,5,111,111,72,72,8,8
2371,2431,1,2,104,80,7,34,128,10,10,0.03770228794642857,1,223,138,65535,351,0,0,0,5,351,351,42,42,4,4
2853,2913,1,2,105,65,13,42,128,8,8,0.012381417410714286,16,223,119,65535,112,0,0,0,5,112,112,72,72,8,8
2373,2433,1,2,105,81,7,34,128,10,10,0.038051060267857144,0,222,138,65535,352,0,0,0,5,352,352,42,42,4,4
2855,2915,1,2,106,66,13,42,128,8,8,0.0118408203125,15,223,120,65535,113,0,0,0,5,113,113,72,72,8,8
2375,2435,1,2,106,82,7,34,128,10,10,0.037353515625,0,221,137,65535,353,0,0,0,5,353,353,42,42,4,4
2857,2917,1,2,107,67,13,42,128,8,8,0.012590680803571428,14,223,121,65535,114,0,0,0,5,114,114,72,72,8,8
2377,2437,1,2,107,83,7,34,128,10,10,0.03703962053571429,0,220,135,65535,354,0,0,0,5,354,354,42,42,4,4
2859,2919,1,2,108,68,13,42,128,8,8,0.012363978794642858,13,223,122,65535,115,0,0,0,5,115,115,72,72,8,8
2379,2439,1,2,108,84,7,34,128,10,10,0.03676060267857143,0,219,135,65535,355,0,0,0,5,355,355,42,42,4,4
2861,2921,1,2,109,69,13,42,128,8,8,0.012904575892857142,12,223,123,65535,116,0,0,0,5,116,116,72,72,8,8
2381,2441,1,2,109,85,7,34,128,10,10,0.03667340959821429,0,218,133,65535,356,0,0,0,5,356,356,42,42,4,4
2863,2923,1,2,110,70,13,42,128,8,8,0.012660435267857142,11,222,123,65535,117,0,0,0,5,117,117,72,72,8,8
2383,2443,1,2,110,86,7,34,128,10,10,0.03608049665178571,0,217,133,65535,357,0,0,0,5,357,357,42,42,4,4
2865,2925,1,2,111,71,13,42,128,8,8,0.012538364955357142,10,221,123,65535,118,0,0,0,5,118,118,72,72,8,8
2385,2445,1,2,111,87,7,34,128,10,10,0.036865234375,0,216,131,65535,358,0,0,0,5,358,358,42,42,4,4
2867,2927,1,2,112,72,13,42,160,8,8,0.012799944196428572,9,220,123,65535,119,0,0,0,5,119,119,73,73,8,8
2387,2447,1,2,112,88,7,34,160,10,10,0.03608049665178571,0,215,131,65535,359,0,0,0,5,359,359,43,43,4,4
2869,2929,1,2,113,73,13,42,160,8,8,0.012834821428571428,8,219,123,65535,120,0,0,0,5,120,120,73,73,8,8
2389,2449,1,2,113,89,7,34,160,7,7,0.0343017578125,3,214,126,65535,360,0,0,0,5,360,360,43,43,4,4
2871,2931,1,2,114,74,13,42,160,8,8,0.012922014508928572,7,223,124,65535,121,0,0,0,5,121,121,73,73,8,8
2391,2451,1,2,114,90,7,34,160,7,7,0.03322056361607143,15,213,114,65535,361,0,0,0,5,361,361,43,43,4,4
2873,2933,1,2,115,75,13,42,160,8,8,0.012154715401785714,6,223,125,65535,122,0,0,0,5,122,122,73,73,8,8
2393,2453,1,2,115,91,7,34,160,7,7,0.033238002232142856,14,212,114,65535,362,0,0,0,5,362,362,43,43,4,4
2875,2935,1,2,116,76,13,42,160,8,8,0.0128173828125,5,223,126,65535,123,0,0,0,5,123,123,73,73,8,8
2395,2455,1,2,116,92,7,34,160,7,7,0.033238002232142856,13,211,114,65535,363,0,0,0,5,363,363,43,43,4,4
2877,2937,1,2,117,77,13,42,160,8,8,0.012468610491071428,4,223,127,65535,124,0,0,0,5,124,124,73,73,8,8
2397,2457,1,2,117,93,7,34,160,7,7,0.03322056361607143,12,210,114,65535,364,0,0,0,5,364,364,43,43,4,4
2879,2939,1,2,118,78,13,42,160,8,8,0.012747628348214286,3,223,128,65535,125,0,0,0,5,125,125,73,73,8,8
2399,2459,1,2,118,94,7,34,160,7,7,0.03322056361607143,11,209,114,65535,365,0,0,0,5,365,365,43,43,4,4
2881,2941,1,2,119,79,13,42,160,8,8,0.012852260044642858,2,223,129,65535,126,0,0,0,5,126,126,73,73,8,8
2401,2461,1,2,119,95,7,34,160,7,7,0.033238002232142856,10,208,114,65535,366,0,0,0,5,366,366,43,43,4,4
2883,2943,1,2,120,80,14,42,192,8,8,0.012642996651785714,1,223,130,65535,127,0,0,0,5,127,127,74,74,8,8
2403,2463,1,2,120,96,7,34,192,7,7,0.033238002232142856,9,207,114,65535,367,0,0,0,5,367,367,44,44,4,4
2885,2945,1,2,121,81,14,42,192,8,8,0.012782505580357142,0,222,130,65535,128,0,0,0,5,128,128,74,74,8,8
2405,2465,1,2,121,97,7,34,192,7,7,0.03322056361607143,8,206,114,65535,368,0,0,0,5,368,368,44,44,4,4
2887,2947,1,2,122,82,14,42,192,8,8,0.012224469866071428,0,223,130,65535,129,0,0,0,5,129,129,74,74,8,8
2407,2467,1,2,122,98,7,34,192,7,7,0.03322056361607143,7,205,114,65535,369,0,0,0,5,369,369,44,44,4,4
2889,2949,1,2,123,83,14,42,192,8,8,0.012503487723214286,0,223,130,65535,130,0,0,0,5,130,130,74,74,8,8
2409,2469,1,2,123,99,7,34,192,7,7,0.033238002232142856,6,204,114,65535,370,0,0,0,5,370,370,44,44,4,4
2891,2951,1,2,124,84,14,42,192,8,8,0.012346540178571428,0,223,130,65535,131,0,0,0,5,131,131,74,74,8,8
2411,2471,1,2,124,100,7,34,192,7,7,0.033238002232142856,5,203,114,65535,371,0,0,0,5,371,371,44,44,4,4
2893,2953,1,2,125,85,14,42,192,8,8,0.012102399553571428,0,223,130,65535,132,0,0,0,5,132,132,74,74,8,8
2413,2473,1,2,125,101,7,34,192,7,7,0.03322056361607143,4,202,114,65535,372,0,0,0,5,372,372,44,44,4,4
2895,2955,1,2,126,86,14,42,192,8,8,0.0115966796875,0,223,130,65535,133,0,0,0,5,133,133,74,74,8,8
2415,2475,1,2,126,102,7,34,192,7,7,0.03322056361607143,3,201,114,65535,373,0,0,0,5,373,373,44,44,4,4
2897,2957,1,2,127,87,14,42,192,8,8,0.011526925223214286,0,223,130,65535,134,0,0,0,5,134,134,74,74,8,8
2417,2477,1,2,127,103,7,34,192,7,7,0.033238002232142856,2,200,114,65535,374,0,0,0,5,374,374,44,44,4,4
2899,2959,1,2,128,88,14,42,224,8,8,0.011317661830357142,0,223,130,65535,135,0,0,0,5,135,135,75,75,8,8
2419,2479,1,2,128,104,7,34,224,7,7,0.033238002232142856,1,199,114,65535,375,0,0,0,5,375,375,45,45,5,5
2901,2961,1,2,129,89,14,42,224,6,6,0.010602678571428572,1,222,128,65535,136,0,0,0,5,136,136,75,75,8,8
2421,2481,1,2,129,105,7,34,224,7,7,0.03322056361607143,0,198,114,65535,376,0,0,0,5,376,376,45,45,5,5
2903,2963,1,2,130,90,14,42,224,6,6,0.007986886160714286,15,221,113,65535,137,0,0,0,5,137,137,75,75,8,8
2423,2483,1,2,130,106,7,34,224,9,7,0.03485979352678571,0,223,114,65535,377,0,0,0,5,377,377,45,45,5,5
2905,2965,1,2,131,91,14,42,224,6,6,0.007986886160714286,14,220,113,65535,138,0,0,0,5,138,138,75,75,8,8
2425,2485,1,2,131,107,7,34,224,9,7,0.035975864955357144,0,223,114,65535,378,0,0,0,5,378,378,45,45,5,5
2907,2967,1,2,132,92,14,42,224,6,6,0.007986886160714286,13,219,113,65535,139,0,0,0,5,139,139,75,75,8,8
2427,2487,1,2,132,108,7,34,224,9,7,0.037109375,0,223,114,65535,379,0,0,0,5,379,379,45,45,5,5
2909,2969,1,2,133,93,14,42,224,6,6,0.007986886160714286,12,218,113,65535,140,0,0,0,5,140,140,75,75,8,8
2429,2489,1,2,133,109,7,34,224,9,7,0.03850446428571429,0,223,114,65535,380,0,0,0,5,380,380,45,45,5,5
2911,2971,1,2,134,94,14,42,224,6,6,0.007986886160714286,11,217,113,65535,141,0,0,0,5,141,141,75,75,8,8
2431,2491,1,2,134,110,7,34,224,9,7,0.039585658482142856,0,223,114,65535,381,0,0,0,5,381,381,45,45,5,5
2913,2973,1,2,135,95,14,42,224,6,6,0.007986886160714286,10,216,113,65535,142,0,0,0,5,142,142,75,75,8,8
2433,2493,1,2,135,111,7,34,224,9,7,0.040614536830357144,0,223,114,65535,382,0,0,0,5,382,382,45,45,5,5
2915,2975,1,2,136,96,14,43,0,6,6,0.007986886160714286,9,215,113,65535,143,0,0,0,5,143,143,76,76,8,8
2435,2495,1,2,136,112,7,35,0,9,7,0.0419921875,1,223,114,65535,383,0,0,0,5,383,383,46,46,5,5
2917,2977,1,2,137,97,14,43,0,6,6,0.007986886160714286,8,214,113,65535,144,0,0,0,5,144,144,76,76,8,8
2437,2497,1,2,137,113,7,35,0,9,7,0.04197474888392857,0,222,114,65535,384,0,0,0,5,384,384,46,46,5,5
2919,2979,1,2,138,98,14,43,0,6,6,0.007986886160714286,7,213,113,65535,145,0,0,0,5,145,145,76,76,8,8
2439,2499,1,2,138,114,7,35,0,9,7,0.04213169642857143,0,223,114,65535,385,0,0,0,5,385,385,46,46,5,5
2921,2981,1,2,139,99,14,43,0,6,6,0.007986886160714286,6,212,113,65535,146,0,0,0,5,146,146,76,76,8,8
2441,2501,1,2,139,115,7,35,0,9,7,0.042323521205357144,0,223,114,65535,386,0,0,0,5,386,386,46,46,5,5
2923,2983,1,2,140,100,14,43,0,6,6,0.007986886160714286,5,211,113,65535,147,0,0,0,5,147,147,76,76,8,8
2443,2503,1,2,140,116,7,35,0,9,7,0.04249790736607143,0,223,114,65535,387,0,0,0,5,387,387,46,46,5,5
2925,2985,1,2,141,101,14,43,0,6,6,0.007986886160714286,4,210,113,65535,148,0,0,0,5,148,148,76,76,8,8
2445,2505,1,2,141,117,7,35,0,9,7,0.042689732142857144,0,223,114,65535,388,0,0,0,5,388,388,46,46,5,5
2927,2987,1,2,142,102,14,43,0,6,6,0.007986886160714286,3,209,113,65535,149,0,0,0,5,149,149,76,76,8,8
2447,2507,1,2,142,118,7,35,0,9,7,0.04291643415178571,0,223,114,65535,389,0,0,0,5,389,389,46,46,5,5
2929,2989,1,2,143,103,14,43,0,6,6,0.007986886160714286,2,208,113,65535,150,0,0,0,5,150,150,76,76,8,8
2449,2509,1,2,143,119,7,35,0,9,7,0.043212890625,0,223,114,65535,390,0,0,0,5,390,390,46,46,5,5
2931,2991,1,2,144,104,14,43,32,6,6,0.007986886160714286,1,207,113,65535,151,0,0,0,5,151,151,77,77,9,9
2451,2511,1,2,144,120,7,35,32,9,7,0.04347446986607143,25,223,114,65535,391,0,0,0,5,391,391,47,47,5,5
2933,2993,1,2,145,105,14,43,32,6,6,0.007829938616071428,0,206,113,65535,152,0,0,0,5,152,152,77,77,9,9
2453,2513,1,2,145,121,7,35,32,9,9,0.044189453125,24,223,115,65535,392,0,0,0,5,392,392,47,47,5,5
2935,2995,1,2,146,106,14,43,32,8,6,0.007986886160714286,0,205,112,65535,153,0,0,0,5,153,153,77,77,9,9
2455,2515,1,2,146,122,7,35,32,9,9,0.043980189732142856,23,223,116,65535,393,0,0,0,5,393,393,47,47,5,5
2937,2997,1,2,147,107,14,43,32,8,6,0.007986886160714286,0,204,111,65535,154,0,0,0,5,154,154,77,77,9,9
2457,2517,1,2,147,123,7,35,32,9,9,0.044224330357142856,22,223,117,65535,394,0,0,0,5,394,394,47,47,5,5
2939,2999,1,2,148,108,14,43,32,8,6,0.007986886160714286,0,203,110,65535,155,0,0,0,5,155,155,77,77,9,9
2459,2519,1,2,148,124,7,35,32,9,9,0.0445556640625,21,223,118,65535,395,0,0,0,5,395,395,47,47,5,5
2941,3001,1,2,149,109,14,43,32,8,6,0.007986886160714286,0,202,109,65535,156,0,0,0,5,156,156,77,77,9,9
2461,2521,1,2,149,125,7,35,32,9,9,0.04457310267857143,20,223,119,65535,396,0,0,0,5,396,396,47,47,5,5
2943,3003,1,2,150,110,14,43,32,8,6,0.007986886160714286,0,201,108,65535,157,0,0,0,5,157,157,77,77,9,9
2463,2523,1,2,150,126,7,35,32,9,9,0.04481724330357143,19,223,120,65535,397,0,0,0,5,397,397,47,47,5,5
2945,3005,1,2,151,111,14,43,32,8,6,0.007986886160714286,0,200,107,65535,158,0,0,0,5,158,158,77,77,9,9
2465,2525,1,2,151,127,7,35,32,9,9,0.04511369977678571,18,223,121,65535,398,0,0,0,5,398,398,47,47,5,5
2947,3007,1,2,152,112,14,43,64,8,6,0.007986886160714286,33,199,106,65535,159,0,0,0,5,159,159,78,78,9,9
2467,2527,1,2,152,128,7,35,64,9,9,0.04534040178571429,17,223,122,65535,399,0,0,0,5,399,399,48,48,5,5
2949,3009,1,2,153,113,14,43,64,8,6,0.007986886160714286,32,198,106,65535,160,0,0,0,5,160,160,78,78,9,9
2469,2529,1,2,153,129,7,35,64,9,9,0.04567173549107143,16,223,123,65535,400,0,0,0,5,400,400,48,48,5,5
2951,3011,1,2,154,114,14,43,64,8,6,0.008056640625,31,223,107,65535,161,0,0,0,5,161,161,78,78,9,9
2471,2531,1,2,154,130,7,35,64,9,9,0.045741489955357144,15,223,124,65535,401,0,0,0,5,401,401,48,48,5,5
2953,3013,1,2,155,115,14,43,64,8,6,0.008126395089285714,30,223,108,65535,162,0,0,0,5,162,162,78,78,9,9
2473,2533,1,2,155,131,7,35,64,9,9,0.0460205078125,14,223,125,65535,402,0,0,0,5,402,402,48,48,5,5
2955,3015,1,2,156,116,14,43,64,8,6,0.008196149553571428,29,223,109,65535,163,0,0,0,5,163,163,78,78,9,9
2475,2535,1,2,156,132,7,35,64,9,9,0.04628208705357143,13,223,126,65535,403,0,0,0,5,403,403,48,48,5,5
2957,3017,1,2,157,117,14,43,64,8,6,0.008265904017857142,28,223,110,65535,164,0,0,0,5,164,164,78,78,9,9
2477,2537,1,2,157,133,7,35,64,9,9,0.04607282366071429,12,223,127,65535,404,0,0,0,5,404,404,48,48,5,5
2959,3019,1,2,158,118,14,43,64,8,6,0.008335658482142858,27,223,111,65535,165,0,0,0,5,165,165,78,78,9,9
2479,2539,1,2,158,134,7,35,64,9,9,0.04645647321428571,11,223,128,65535,405,0,0,0,5,405,405,48,48,5,5
2961,3021,1,2,159,119,14,43,64,8,6,0.008405412946428572,26,223,112,65535,166,0,0,0,5,166,166,78,78,9,9
2481,2541,1,2,159,135,7,35,64,9,9,0.04609026227678571,10,223,129,65535,406,0,0,0,5,406,406,48,48,5,5
2963,3023,1,2,160,120,14,43,96,8,6,0.008527483258928572,25,223,113,65535,167,0,0,0,5,167,167,79,79,9,9
2483,2543,1,2,160,136,7,35,96,9,9,0.046718052455357144,9,223,130,65535,407,0,0,0,5,407,407,49,49,5,5
2965,3025,1,2,161,121,14,43,96,8,8,0.008806501116071428,24,223,114,65535,168,0,0,0,5,168,168,79,79,9,9
2485,2545,1,2,161,137,7,35,96,9,9,0.04738071986607143,8,223,131,65535,408,0,0,0,5,408,408,49,49,5,5
2967,3027,1,2,162,122,14,43,96,8,8,0.0089111328125,23,223,115,65535,169,0,0,0,5,169,169,79,79,9,9
2487,2547,1,2,162,138,7,35,96,9,9,0.048130580357142856,7,223,132,65535,409,0,0,0,5,409,409,49,49,5,5
2969,3029,1,2,163,123,14,43,96,8,8,0.009137834821428572,22,223,116,65535,170,0,0,0,5,170,170,79,79,9,9
2489,2549,1,2,163,139,7,35,96,9,9,0.04778180803571429,6,223,133,65535,410,0,0,0,5,410,410,49,49,5,5
2971,3031,1,2,164,124,14,43,96,8,8,0.009364536830357142,21,223,117,65535,171,0,0,0,5,171,171,79,79,9,9
2491,2551,1,2,164,140,7,35,96,9,9,0.049072265625,5,223,134,65535,411,0,0,0,5,411,411,49,49,5,5
2973,3033,1,2,165,125,14,43,96,8,8,0.009521484375,20,223,118,65535,172,0,0,0,5,172,172,79,79,9,9
2493,2553,1,2,165,141,7,35,96,9,9,0.04924665178571429,4,223,135,65535,412,0,0,0,5,412,412,49,49,5,5
2975,3035,1,2,166,126,14,43,96,8,8,0.009713309151785714,19,223,119,65535,173,0,0,0,5,173,173,79,79,9,9
2495,2555,1,2,166,142,7,35,96,9,9,0.0498046875,3,223,136,65535,413,0,0,0,5,413,413,49,49,5,5
2977,3037,1,2,167,127,14,43,96,8,8,0.009835379464285714,18,223,120,65535,174,0,0,0,5,174,174,79,79,9,9
2497,2557,1,2,167,143,7,35,96,9,9,0.04997907366071429,2,223,137,65535,414,0,0,0,5,414,414,49,49,5,5
2979,3039,1,2,168,128,14,43,128,8,8,0.010044642857142858,17,223,121,65535,175,0,0,0,5,175,175,80,80,9,9
2499,2559,1,2,168,144,8,35,128,9,9,0.051025390625,1,223,138,65535,415,0,0,0,5,415,415,50,50,5,5
2981,3041,1,2,169,129,14,43,128,8,8,0.010044642857142858,16,223,122,65535,176,0,0,0,5,176,176,80,80,9,9
2501,2561,1,2,169,145,8,35,128,9,9,0.05104282924107143,0,222,138,65535,416,0,0,0,5,416,416,50,50,5,5
2983,3043,1,2,170,130,14,43,128,8,8,0.010271344866071428,15,223,123,65535,177,0,0,0,5,177,177,80,80,9,9
2503,2563,1,2,170,146,8,35,128,9,9,0.050938197544642856,0,221,137,65535,417,0,0,0,5,417,417,50,50,5,5
2985,3045,1,2,171,131,14,43,128,8,8,0.010079520089285714,14,223,124,65535,178,0,0,0,5,178,178,80,80,9,9
2505,2565,1,2,171,147,8,35,128,9,9,0.05064174107142857,0,220,136,65535,418,0,0,0,5,418,418,50,50,5,5
2987,3047,1,2,172,132,14,43,128,8,8,0.010306222098214286,13,223,125,65535,179,0,0,0,5,179,179,80,80,9,9
2507,2567,1,2,172,148,8,35,128,9,9,0.05055454799107143,0,219,135,65535,419,0,0,0,5,419,419,50,50,5,5
2989,3049,1,2,173,133,14,43,128,8,8,0.010288783482142858,12,223,126,65535,180,0,0,0,5,180,180,80,80,9,9
2509,2569,1,2,173,149,8,35,128,9,9,0.05076381138392857,0,218,134,65535,420,0,0,0,5,420,420,50,50,5,5
2991,3051,1,2,174,134,14,43,128,8,8,0.010393415178571428,11,223,127,65535,181,0,0,0,5,181,181,80,80,9,9
2511,2571,1,2,174,150,8,35,128,9,9,0.05015345982142857,0,217,133,65535,421,0,0,0,5,421,421,50,50,5,5
2993,3053,1,2,175,135,14,43,128,8,8,0.010498046875,10,223,128,65535,182,0,0,0,5,182,182,80,80,9,9
2513,2573,1,2,175,151,8,35,128,9,9,0.04982212611607143,0,216,132,65535,422,0,0,0,5,422,422,50,50,5,5
2995,3055,1,2,176,136,14,43,160,8,8,0.010498046875,9,223,129,65535,183,0,0,0,5,183,183,81,81,9,9
2515,2575,1,2,176,152,9,35,160,9,9,0.049560546875,0,215,131,65535,423,0,0,0,5,423,423,51,51,5,5
2997,3057,1,2,177,137,14,43,160,8,8,0.010550362723214286,8,223,130,65535,184,0,0,0,5,184,184,81,81,9,9
2517,2577,1,2,177,153,9,35,160,6,6,0.048793247767857144,1,214,129,65535,424,0,0,0,5,424,424,51,51,5,5
2999,3059,1,2,178,138,14,43,160,8,8,0.010498046875,7,223,131,65535,185,0,0,0,5,185,185,81,81,9,9
2519,2579,1,2,178,154,9,35,160,6,6,0.045933314732142856,15,213,114,65535,425,0,0,0,5,425,425,51,51,5,5
3001,3061,1,2,179,139,14,43,160,8,8,0.010654994419642858,6,223,132,65535,186,0,0,0,5,186,186,81,81,9,9
2521,2581,1,2,179,155,9,35,160,6,6,0.045933314732142856,14,212,114,65535,426,0,0,0,5,426,426,51,51,5,5
3003,3063,1,2,180,140,14,43,160,8,8,0.010445731026785714,5,223,133,65535,187,0,0,0,5,187,187,81,81,9,9
2523,2583,1,2,180,156,9,35,160,6,6,0.045933314732142856,13,211,114,65535,427,0,0,0,5,427,427,51,51,5,5
3005,3065,1,2,181,141,14,43,160,8,8,0.010707310267857142,4,223,134,65535,188,0,0,0,5,188,188,81,81,9,9
2525,2585,1,2,181,157,9,35,160,6,6,0.045933314732142856,12,210,114,65535,428,0,0,0,5,428,428,51,51,5,5
3007,3067,1,2,182,142,14,43,160,8,8,0.010445731026785714,3,223,135,65535,189,0,0,0,5,189,189,81,81,9,9
2527,2587,1,2,182,158,9,35,160,6,6,0.045933314732142856,11,209,114,65535,429,0,0,0,5,429,429,51,51,5,5
3009,3069,1,2,183,143,14,43,160,8,8,0.010654994419642858,2,223,136,65535,190,0,0,0,5,190,190,81,81,9,9
2529,2589,1,2,183,159,9,35,160,6,6,0.045933314732142856,10,208,114,65535,430,0,0,0,5,430,430,51,51,5,5
3011,3071,1,2,184,144,15,32,0,8,8,0.010654994419642858,1,223,137,65535,191,0,0,0,5,191,191,82,82,9,9
2531,2591,1,2,184,160,9,40,0,6,6,0.045933314732142856,9,207,114,65535,431,0,0,0,5,431,431,52,52,5,5
3013,3073,1,2,185,145,15,32,0,8,8,0.010550362723214286,0,222,137,65535,192,0,0,0,5,192,192,82,82,9,9
2533,2593,1,2,185,161,9,40,0,6,6,0.045933314732142856,8,206,114,65535,432,0,0,0,5,432,432,52,52,5,5
3015,3075,1,2,186,146,15,32,0,8,8,0.010794503348214286,0,221,136,65535,193,0,0,0,5,193,193,82,82,9,9
2535,2595,1,2,186,162,9,40,0,6,6,0.045933314732142856,7,205,114,65535,433,0,0,0,5,433,433,52,52,5,5
3017,3077,1,2,187,147,15,32,0,8,8,0.010358537946428572,0,220,135,65535,194,0,0,0,5,194,194,82,82,9,9
2537,2597,1,2,187,163,9,40,0,6,6,0.045933314732142856,6,204,114,65535,434,0,0,0,5,434,434,52,52,5,5
3019,3079,1,2,188,148,15,32,0,8,8,0.010532924107142858,0,219,134,65535,195,0,0,0,5,195,195,82,82,9,9
2539,2599,1,2,188,164,9,40,0,6,6,0.045933314732142856,5,203,114,65535,435,0,0,0,5,435,435,52,52,5,5
3021,3081,1,2,189,149,15,32,0,8,8,0.010306222098214286,0,218,133,65535,196,0,0,0,5,196,196,82,82,9,9
2541,2601,1,2,189,165,9,40,0,6,6,0.045933314732142856,4,202,114,65535,436,0,0,0,5,436,436,52,52,5,5
3023,3083,1,2,190,150,15,32,0,8,8,0.01025390625,0,217,132,65535,197,0,0,0,5,197,197,82,82,9,9
2543,2603,1,2,190,166,9,40,0,6,6,0.045933314732142856,3,201,114,65535,437,0,0,0,5,437,437,52,52,5,5
3025,3085,1,2,191,151,15,32,0,8,8,0.010096958705357142,0,216,131,65535,198,0,0,0,5,198,198,82,82,9,9
2545,2605,1,2,191,167,9,40,0,6,6,0.045933314732142856,2,200,114,65535,438,0,0,0,5,438,438,52,52,5,5
3027,3087,1,2,192,152,16,32,32,8,8,0.009992327008928572,0,215,130,65535,199,0,0,0,5,199,199,83,83,9,9
2547,2607,1,2,192,168,9,40,32,6,6,0.045933314732142856,1,199,114,65535,439,0,0,0,5,439,439,53,53,6,6
3029,3089,1,2,193,153,16,32,32,6,6,0.008963448660714286,1,214,128,65535,200,0,0,0,5,200,200,83,83,9,9
2549,2609,1,2,193,169,9,40,32,6,6,0.045933314732142856,0,198,114,65535,440,0,0,0,5,440,440,53,53,6,6
3031,3091,1,2,194,154,16,32,32,6,6,0.008196149553571428,15,213,113,65535,201,0,0,0,5,201,201,83,83,9,9
2551,2611,1,2,194,170,9,40,32,8,6,0.046909877232142856,0,223,114,65535,441,0,0,0,5,441,441,53,53,6,6
3033,3093,1,2,195,155,16,32,32,6,6,0.008196149553571428,14,212,113,65535,202,0,0,0,5,202,202,83,83,9,9
2553,2613,1,2,195,171,9,40,32,8,6,0.047398158482142856,0,223,114,65535,442,0,0,0,5,442,442,53,53,6,6
3035,3095,1,2,196,156,16,32,32,6,6,0.008196149553571428,13,211,113,65535,203,0,0,0,5,203,203,83,83,9,9
2555,2615,1,2,196,172,9,40,32,8,6,0.047886439732142856,0,223,114,65535,443,0,0,0,5,443,443,53,53,6,6
3037,3097,1,2,197,157,16,32,32,6,6,0.008196149553571428,12,210,113,65535,204,0,0,0,5,204,204,83,83,9,9
2557,2617,1,2,197,173,9,40,32,8,6,0.048618861607142856,0,223,114,65535,444,0,0,0,5,444,444,53,53,6,6
3039,3099,1,2,198,158,16,32,32,6,6,0.008196149553571428,11,209,113,65535,205,0,0,0,5,205,205,83,83,9,9
2559,2619,1,2,198,174,9,40,32,8,6,0.049107142857142856,0,223,114,65535,445,0,0,0,5,445,445,53,53,6,6
3041,3101,1,2,199,159,16,32,32,6,6,0.008196149553571428,10,208,113,65535,206,0,0,0,5,206,206,83,83,9,9
2561,2621,1,2,199,175,9,40,32,8,6,0.049595424107142856,0,223,114,65535,446,0,0,0,5,446,446,53,53,6,6
3043,3103,1,2,200,160,16,32,64,6,6,0.008196149553571428,9,207,113,65535,207,0,0,0,5,207,207,84,84,9,9
2563,2623,1,2,200,176,9,40,64,8,6,0.050380161830357144,33,223,114,65535,447,0,0,0,5,447,447,54,54,6,6
3045,3105,1,2,201,161,16,32,64,6,6,0.008196149553571428,8,206,113,65535,208,0,0,0,5,208,208,84,84,9,9
2565,2625,1,2,201,177,9,40,64,8,6,0.050380161830357144,32,222,114,65535,448,0,0,0,5,448,448,54,54,6,6
3047,3107,1,2,202,162,16,32,64,6,6,0.008196149553571428,7,205,113,65535,209,0,0,0,5,209,209,84,84,9,9
2567,2627,1,2,202,178,9,40,64,8,6,0.0504150390625,31,223,115,65535,449,0,0,0,5,449,449,54,54,6,6
3049,3109,1,2,203,163,16,32,64,6,6,0.008196149553571428,6,204,113,65535,210,0,0,0,5,210,210,84,84,9,9
2569,2629,1,2,203,179,9,40,64,8,6,0.05051967075892857,30,223,116,65535,450,0,0,0,5,450,450,54,54,6,6
3051,3111,1,2,204,164,16,32,64,6,6,0.008196149553571428,5,203,113,65535,211,0,0,0,5,211,211,84,84,9,9
2571,2631,1,2,204,180,9,40,64,8,6,0.050624302455357144,29,223,117,65535,451,0,0,0,5,451,451,54,54,6,6
3053,3113,1,2,205,165,16,32,64,6,6,0.008196149553571428,4,202,113,65535,212,0,0,0,5,212,212,84,84,9,9
2573,2633,1,2,205,181,9,40,64,8,6,0.05072893415178571,28,223,118,65535,452,0,0,0,5,452,452,54,54,6,6
3055,3115,1,2,206,166,16,32,64,6,6,0.008196149553571428,3,201,113,65535,213,0,0,0,5,213,213,84,84,9,9
2575,2635,1,2,206,182,9,40,64,8,6,0.05083356584821429,27,223,119,65535,453,0,0,0,5,453,453,54,54,6,6
3057,3117,1,2,207,167,16,32,64,6,6,0.008196149553571428,2,200,113,65535,214,0,0,0,5,214,214,84,84,9,9
2577,2637,1,2,207,183,9,40,64,8,6,0.050938197544642856,26,223,120,65535,454,0,0,0,5,454,454,54,54,6,6
3059,3119,1,2,208,168,16,32,96,6,6,0.008196149553571428,1,199,113,65535,215,0,0,0,5,215,215,85,85,10,10
2579,2639,1,2,208,184,9,40,96,8,6,0.05104282924107143,25,223,121,65535,455,0,0,0,5,455,455,55,55,6,6
3061,3121,1,2,209,169,16,32,96,6,6,0.008597237723214286,0,198,113,65535,216,0,0,0,5,216,216,85,85,10,10
2581,2641,1,2,209,185,9,40,96,8,8,0.051356724330357144,24,223,122,65535,456,0,0,0,5,456,456,55,55,6,6
3063,3123,1,2,210,170,16,32,96,8,6,0.008196149553571428,0,197,112,65535,217,0,0,0,5,217,217,85,85,10,10
2583,2643,1,2,210,186,9,40,96,8,8,0.05133928571428571,23,223,123,65535,457,0,0,0,5,457,457,55,55,6,6
3065,3125,1,2,211,171,16,32,96,8,6,0.008196149553571428,0,196,111,65535,218,0,0,0,5,218,218,85,85,10,10
2585,2645,1,2,211,187,9,40,96,8,8,0.05121721540178571,22,223,124,65535,458,0,0,0,5,458,458,55,55,6,6
3067,3127,1,2,212,172,16,32,96,8,6,0.008196149553571428,0,195,110,65535,219,0,0,0,5,219,219,85,85,10,10
2587,2647,1,2,212,188,9,40,96,8,8,0.051234654017857144,21,223,125,65535,459,0,0,0,5,459,459,55,55,6,6
3069,3129,1,2,213,173,16,32,96,8,6,0.008196149553571428,0,194,109,65535,220,0,0,0,5,220,220,85,85,10,10
2589,2649,1,2,213,189,9,40,96,8,8,0.05140904017857143,20,223,126,65535,460,0,0,0,5,460,460,55,55,6,6
3071,3131,1,2,214,174,16,32,96,8,6,0.008196149553571428,0,193,108,65535,221,0,0,0,5,221,221,85,85,10,10
2591,2651,1,2,214,190,9,40,96,8,8,0.0516357421875,19,223,127,65535,461,0,0,0,5,461,461,55,55,6,6
3073,3133,1,2,215,175,16,32,96,8,6,0.008196149553571428,0,192,107,65535,222,0,0,0,5,222,222,85,85,10,10
2593,2653,1,2,215,191,9,40,96,8,8,0.051478794642857144,18,223,128,65535,462,0,0,0,5,462,462,55,55,6,6
3075,3135,1,2,216,176,16,32,128,8,6,0.008196149553571428,1,191,106,65535,223,0,0,0,5,223,223,86,86,10,10
2595,2655,1,2,216,192,9,40,128,8,8,0.051845005580357144,17,223,129,65535,463,0,0,0,5,463,463,56,56,6,6
2115,2175,1,2,216,208,5,32,128,6,6,0.006016322544642857,0,223,66,65535,223,0,0,0,2,223,223,26,26,2,2
3077,3137,1,2,217,177,16,32,128,8,6,0.008196149553571428,0,190,106,65535,224,0,0,0,5,224,224,86,86,10,10
2597,2657,1,2,217,193,9,40,128,8,8,0.05207170758928571,16,223,130,65535,464,0,0,0,5,464,464,56,56,6,6
2117,2177,1,2,217,209,5,32,128,6,6,0.0162353515625,0,222,92,65535,224,0,0,0,5,224,224,26,26,2,2
3079,3139,1,2,218,178,16,32,128,8,6,0.008231026785714286,0,223,106,65535,225,0,0,0,5,225,225,86,86,10,10
2599,2659,1,2,218,194,9,40,128,8,8,0.052036830357142856,15,223,131,65535,465,0,0,0,5,465,465,56,56,6,6
2119,2179,1,2,218,210,5,32,128,6,6,0.016183035714285716,0,221,91,65535,225,0,0,0,5,225,225,26,26,2,2
3081,3141,1,2,219,179,16,32,128,8,6,0.008265904017857142,0,223,106,65535,226,0,0,0,5,226,226,86,86,10,10
2601,2661,1,2,219,195,9,40,128,8,8,0.052280970982142856,14,223,132,65535,466,0,0,0,5,466,466,56,56,6,6
2121,2181,1,2,219,211,5,32,128,6,6,0.015450613839285714,0,220,90,65535,226,0,0,0,5,226,226,26,26,2,2
3083,3143,1,2,220,180,16,32,128,8,6,0.008370535714285714,0,223,106,65535,227,0,0,0,5,227,227,86,86,10,10
2603,2663,1,2,220,196,9,40,128,8,8,0.0517578125,13,223,133,65535,467,0,0,0,5,467,467,56,56,6,6
2123,2183,1,2,220,212,5,32,128,6,6,0.015415736607142858,0,219,89,65535,227,0,0,0,5,227,227,26,26,2,2
3085,3145,1,2,221,181,16,32,128,8,6,0.008475167410714286,0,223,106,65535,228,0,0,0,5,228,228,86,86,10,10
2605,2665,1,2,221,197,9,40,128,8,8,0.05243791852678571,12,223,134,65535,468,0,0,0,5,468,468,56,56,6,6
2125,2185,1,2,221,213,5,32,128,6,6,0.015380859375,0,218,88,65535,228,0,0,0,5,228,228,26,26,2,2
3087,3147,1,2,222,182,16,32,128,8,6,0.008510044642857142,0,223,106,65535,229,0,0,0,5,229,229,86,86,10,10
2607,2667,1,2,222,198,9,40,128,8,8,0.05205426897321429,11,223,135,65535,469,0,0,0,5,469,469,56,56,6,6
2127,2187,1,2,222,214,5,32,128,6,6,0.015328543526785714,0,217,87,65535,229,0,0,0,5,229,229,26,26,2,2
3089,3149,1,2,223,183,16,32,128,8,6,0.008544921875,0,223,106,65535,230,0,0,0,5,230,230,86,86,10,10
2609,2669,1,2,223,199,9,40,128,8,8,0.05266462053571429,10,223,136,65535,470,0,0,0,5,470,470,56,56,6,6
2129,2189,1,2,223,215,5,32,128,6,6,0.016026088169642856,0,216,86,65535,230,0,0,0,5,230,230,26,26,2,2
3091,3151,1,2,224,184,16,32,160,8,6,0.008579799107142858,25,223,106,65535,231,0,0,0,5,231,231,87,87,10,10
2611,2671,1,2,224,200,9,40,160,8,8,0.05238560267857143,9,223,137,65535,471,0,0,0,5,471,471,57,57,6,6
2131,2191,1,2,224,216,5,32,160,6,6,0.015973772321428572,0,215,85,65535,231,0,0,0,5,231,231,27,27,2,2
3093,3153,1,2,225,185,16,32,160,8,8,0.008614676339285714,24,223,107,65535,232,0,0,0,5,232,232,87,87,10,10
2613,2673,1,2,225,201,9,40,160,8,8,0.052158900669642856,8,223,138,65535,472,0,0,0,5,472,472,57,57,6,6
2133,2193,1,2,225,217,5,32,160,6,6,0.015921456473214284,0,214,84,65535,232,0,0,0,5,232,232,27,27,2,2
3095,3155,1,2,226,186,16,32,160,8,8,0.008893694196428572,23,223,108,65535,233,0,0,0,5,233,233,87,87,10,10
2615,2675,1,2,226,202,9,40,160,8,8,0.05365862165178571,7,223,139,65535,473,0,0,0,5,473,473,57,57,6,6
2135,2195,1,2,226,218,5,32,160,6,6,0.015886579241071428,0,213,83,65535,233,0,0,0,5,233,233,27,27,2,2
3097,3157,1,2,227,187,16,32,160,8,8,0.008684430803571428,22,223,109,65535,234,0,0,0,5,234,234,87,87,10,10
2617,2677,1,2,227,203,9,40,160,8,8,0.05400739397321429,6,223,140,65535,474,0,0,0,5,474,474,57,57,6,6
2137,2197,1,2,227,219,5,32,160,6,6,0.014927455357142858,0,212,82,65535,234,0,0,0,5,234,234,27,27,2,2
3099,3159,1,2,228,188,16,32,160,8,8,0.0087890625,21,223,110,65535,235,0,0,0,5,235,235,87,87,10,10
2619,2679,1,2,228,204,9,40,160,8,8,0.054931640625,5,223,141,65535,475,0,0,0,5,475,475,57,57,6,6
2139,2199,1,2,228,220,5,32,160,6,6,0.014142717633928572,0,211,81,65535,235,0,0,0,5,235,235,27,27,2,2
3101,3161,1,2,229,189,16,32,160,8,8,0.008946010044642858,20,223,111,65535,236,0,0,0,5,236,236,87,87,10,10
2621,2681,1,2,229,205,9,40,160,8,8,0.055262974330357144,4,223,142,65535,476,0,0,0,5,476,476,57,57,6,6
2141,2201,1,2,229,221,5,32,160,6,6,0.013410295758928572,0,210,80,65535,236,0,0,0,5,236,236,27,27,2,2
3103,3163,1,2,230,190,16,32,160,8,8,0.009033203125,19,223,112,65535,237,0,0,0,5,237,237,87,87,10,10
2623,2683,1,2,230,206,9,40,160,8,8,0.05641392299107143,3,223,143,65535,477,0,0,0,5,477,477,57,57,6,6
2143,2203,1,2,230,222,5,32,160,6,6,0.012276785714285714,0,209,79,65535,237,0,0,0,5,237,237,27,27,2,2
3105,3165,1,2,231,191,16,32,160,8,8,0.008597237723214286,18,223,113,65535,238,0,0,0,5,238,238,87,87,10,10
2625,2685,1,2,231,207,9,40,160,8,8,0.056396484375,2,223,144,65535,478,0,0,0,5,478,478,57,57,6,6
2145,2205,1,2,231,223,5,32,160,6,6,0.012747628348214286,0,208,78,65535,238,0,0,0,5,238,238,27,27,2,2
3107,3167,1,2,232,192,16,32,192,8,8,0.009207589285714286,17,223,114,65535,239,0,0,0,5,239,239,88,88,10,10
2627,2687,1,2,232,208,10,40,192,8,8,0.05784388950892857,1,223,145,65535,479,0,0,0,5,479,479,58,58,6,6
2147,2207,1,2,232,224,5,32,192,6,6,0.012259347098214286,0,207,77,65535,239,0,0,0,5,239,239,28,28,2,2
3109,3169,1,2,233,193,16,32,192,8,8,0.009364536830357142,16,223,115,65535,240,0,0,0,5,240,240,88,88,10,10
2629,2689,1,2,233,209,10,40,192,8,8,0.0162353515625,0,222,124,65535,0,0,0,0,5,0,0,58,58,6,6
2149,2209,1,2,233,225,5,32,192,6,6,0.012172154017857142,64,206,76,65535,240,0,0,0,5,240,240,28,28,2,2
3111,3171,1,2,234,194,16,32,192,8,8,0.009347098214285714,15,223,116,65535,241,0,0,0,5,241,241,88,88,10,10
2631,2691,1,2,234,210,10,40,192,8,8,0.016078404017857144,0,223,124,65535,1,0,0,0,5,1,1,58,58,6,6
2151,2211,1,2,234,226,5,32,192,6,6,0.012172154017857142,63,205,76,65535,241,0,0,0,5,241,241,28,28,2,2
3113,3173,1,2,235,195,16,32,192,8,8,0.009573800223214286,14,223,117,65535,242,0,0,0,5,242,242,88,88,10,10
2633,2693,1,2,235,211,10,40,192,8,8,0.016095842633928572,0,223,124,65535,2,0,0,0,5,2,2,58,58,6,6
2153,2213,1,2,235,227,5,32,192,6,6,0.011474609375,62,204,76,65535,242,0,0,0,5,242,242,28,28,2,2
3115,3175,1,2,236,196,16,32,192,8,8,0.009033203125,13,223,118,65535,243,0,0,0,5,243,243,88,88,10,10
2635,2695,1,2,236,212,10,40,192,8,8,0.015450613839285714,0,223,124,65535,3,0,0,0,5,3,3,58,58,6,6
2155,2215,1,2,236,228,5,32,192,6,6,0.011474609375,61,203,76,65535,243,0,0,0,5,243,243,28,28,2,2
3117,3177,1,2,237,197,16,32,192,8,8,0.009608677455357142,12,223,119,65535,244,0,0,0,5,244,244,88,88,10,10
2637,2697,1,2,237,213,10,40,192,8,8,0.015572684151785714,0,223,124,65535,4,0,0,0,5,4,4,58,58,6,6
2157,2217,1,2,237,229,5,32,192,6,6,0.011457170758928572,60,202,76,65535,244,0,0,0,5,244,244,28,28,2,2
3119,3179,1,2,238,198,16,32,192,8,8,0.009102957589285714,11,223,120,65535,245,0,0,0,5,245,245,88,88,10,10
2639,2699,1,2,238,214,10,40,192,8,8,0.0152587890625,0,223,124,65535,5,0,0,0,5,5,5,58,58,6,6
2159,2219,1,2,238,230,5,32,192,6,6,0.011457170758928572,59,201,76,65535,245,0,0,0,5,245,245,28,28,2,2
3121,3181,1,2,239,199,16,32,192,8,8,0.009817940848214286,10,223,121,65535,246,0,0,0,5,246,246,88,88,10,10
2641,2701,1,2,239,215,10,40,192,8,8,0.015066964285714286,0,223,124,65535,6,0,0,0,5,6,6,58,58,6,6
2161,2221,1,2,239,231,5,32,192,6,6,0.012189592633928572,58,200,76,65535,246,0,0,0,5,246,246,28,28,2,2
